
build/release/egos.elf:     file format elf32-littleriscv
build/release/egos.elf
architecture: riscv:rv32, flags 0x00000112:
EXEC_P, HAS_SYMS, D_PAGED
start address 0x80000000

Program Header:
0x70000003 off    0x00006570 vaddr 0x00000000 paddr 0x00000000 align 2**0
         filesz 0x0000004f memsz 0x00000000 flags r--
    LOAD off    0x00001000 vaddr 0x80000000 paddr 0x80000000 align 2**12
         filesz 0x000044e0 memsz 0x000044e0 flags r-x
    LOAD off    0x00006000 vaddr 0x80008000 paddr 0x80008000 align 2**12
         filesz 0x00000570 memsz 0x000076d0 flags rw-

Sections:
Idx Name              Size      VMA       LMA       File off  Algn  Flags
  0 .init             0000001c  80000000  80000000  00001000  2**3  CONTENTS, ALLOC, LOAD, READONLY, CODE
  1 .text             000044c0  80000020  80000020  00001020  2**3  CONTENTS, ALLOC, LOAD, READONLY, CODE
  2 .rodata           00000560  80008000  80008000  00006000  2**3  CONTENTS, ALLOC, LOAD, READONLY, DATA
  3 .data             00000010  80008560  80008560  00006560  2**3  CONTENTS, ALLOC, LOAD, DATA
  4 .bss              000070d0  80008600  80008600  00006570  2**9  ALLOC
  5 .riscv.attributes 0000004f  00000000  00000000  00006570  2**0  CONTENTS, READONLY
  6 .comment          00000033  00000000  00000000  000065bf  2**0  CONTENTS, READONLY
SYMBOL TABLE:
80000000 l    d  .init	00000000 .init
80000020 l    d  .text	00000000 .text
80008000 l    d  .rodata	00000000 .rodata
80008560 l    d  .data	00000000 .data
80008600 l    d  .bss	00000000 .bss
00000000 l    d  .riscv.attributes	00000000 .riscv.attributes
00000000 l    d  .comment	00000000 .comment
00000000 l    df *ABS*	00000000 cc0SAtrh.o
00000000 l    df *ABS*	00000000 ccqrUkr1.o
00000000 l    df *ABS*	00000000 boot.c
00000000 l    df *ABS*	00000000 cpu_intr.c
80000304 l     F .text	000000e8 mtimecmp_set
800003ec l     F .text	0000008c timer_reset
00000000 l    df *ABS*	00000000 cpu_mmu.c
80008568 l     O .data	00000004 curr_vm_pid.0
80008600 l     O .bss	00000004 root
80008604 l     O .bss	00000004 leaf
80009e24 l     O .bss	00000400 pid_to_pagetable_base
00000000 l    df *ABS*	00000000 dev_disk.c
80000fd8 l     F .text	000000b4 sdhci_exec_cmd
8000108c l     F .text	00000094 sdhci_read
8000a400 l     O .bss	00000200 aligned_buf.0
80001120 l     F .text	00000114 sdhci_init
80001234 l     F .text	0000007c spi_exchange
800012b0 l     F .text	000000b0 sdspi_exec_cmd
80001360 l     F .text	00000088 sdspi_exec_acmd
800013e8 l     F .text	00000130 sdspi_read
80001518 l     F .text	0000025c sdspi_init
80008608 l     O .bss	00000004 type
00000000 l    df *ABS*	00000000 dev_tty.c
00000000 l    df *ABS*	00000000 init.c
80001cd8 l     F .text	00000050 sys_proc_read
00000000 l    df *ABS*	00000000 kernel.c
8000221c l     F .text	000000d4 intr_entry
8000201c l     F .text	00000200 excp_entry
80002a18 l     F .text	00000078 proc_try_syscall
800022f0 l     F .text	00000568 proc_yield
80008610 l     O .bss	00000004 last_schedule_tick.0
80002858 l     F .text	00000128 proc_try_send
80002980 l     F .text	00000098 proc_try_recv
00000000 l    df *ABS*	00000000 process.c
80002a90 l     F .text	00000094 proc_set_status
80008614 l     O .bss	00000004 curr_pid.1
80008618 l     O .bss	00000004 last_reset_tick.0
00000000 l    df *ABS*	00000000 elf.c
00000000 l    df *ABS*	00000000 print.c
00000000 l    df *ABS*	00000000 servers.c
00000000 l    df *ABS*	00000000 syscall.c
8000856c l     O .data	00000004 sc
00000000 l    df *ABS*	00000000 libc_a-itoa.o
00000000 l    df *ABS*	00000000 libc_a-utoa.o
00000000 l    df *ABS*	00000000 libc_a-strcat.o
00000000 l    df *ABS*	00000000 libc_a-strncat.o
00000000 l    df *ABS*	00000000 libc_a-memset.o
00000000 l    df *ABS*	00000000 libc_a-memcpy.o
00000000 l    df *ABS*	00000000 libc_a-strlen.o
00000000 l    df *ABS*	00000000 libc_a-strcpy.o
00000000 l    df *ABS*	00000000 div.o
80003d58 g     F .text	00000090 sys_recv
80002ddc g     F .text	00000194 proc_free
80000cf8 g     F .text	00000058 page_table_map
80004388 g     F .text	000000a4 strcpy
80008620 g       .bss	00000000 booted_core_cnt
80000a84 g     F .text	00000274 pagetable_identity_map
80002b8c g     F .text	00000034 proc_set_runnable
80003710 g     F .text	00000098 my_printf
80003010 g     F .text	00000184 mlfq_reset_level
800041d4 g     F .text	00000128 memcpy
80002bc0 g     F .text	00000034 proc_set_pending
80002bf4 g     F .text	000001e8 proc_alloc
80000dbc g     F .text	00000060 flush_cache
80004434 g     F .text	00000048 .hidden __hidden___udivsi3
80003b18 g     F .text	0000015c CRITICAL
80004434 g     F .text	00000048 .hidden __udivsi3
80002f70 g     F .text	000000a0 mlfq_update_level
80008564 g     O .data	00000004 earth
80003de8 g     F .text	00000070 itoa
80001c78 g     F .text	00000060 tty_init
80002b58 g     F .text	00000034 proc_set_running
80000d80 g     F .text	0000003c page_table_translate
80000130 g     F .text	000000e8 boot
80002b24 g     F .text	00000034 proc_set_ready
800018cc g     F .text	000000a0 disk_init
80001d28 g     F .text	00000190 grass_entry
80001eb8 g     F .text	00000164 kernel_entry
8000a610 g     O .bss	000050c0 proc_set
80003ce8 g     F .text	00000070 sys_send
80003fac g     F .text	000000a0 strcat
8000447c g     F .text	00000010 .hidden __umodsi3
800035c4 g     F .text	0000014c format_to_str
800008b4 g     F .text	00000038 soft_tlb_translate
80008560 g     O .data	00000004 grass
8000196c g     F .text	000000a0 uart_rx_empty
800005a0 g     F .text	000000d0 mmu_free
800039c4 g     F .text	00000154 SUCCESS
80000478 g     F .text	00000080 intr_init
8000404c g     F .text	000000ac strncat
80001a0c g     F .text	0000013c uart_getc
80003e58 g     F .text	00000154 __utoa
800040f8 g     F .text	000000dc memset
80000020 g       .text	00000000 trap_entry
80001b48 g     F .text	00000130 uart_putc
8000860c g     O .bss	00000004 core_in_kernel
8000442c g     F .text	00000084 .hidden __divsi3
80100000 g       *ABS*	00000000 __heap_end
80000d50 g     F .text	00000030 page_table_switch
80000e1c g     F .text	000001bc mmu_init
8000861c g       .bss	00000000 boot_lock
800004f8 g     F .text	000000a8 mmu_alloc
80000670 g     F .text	00000080 soft_tlb_map
800008ec g     F .text	00000198 setup_identity_region
8000f6d0 g       .riscv.attributes	00000000 __heap_start
80003c74 g     F .text	00000074 term_write
80001880 g     F .text	0000004c disk_write
800044b0 g     F .text	00000030 .hidden __modsi3
8000a600 g     O .bss	00000010 core_to_proc_idx
8000388c g     F .text	00000138 FATAL
800042fc g     F .text	0000008c strlen
80001774 g     F .text	0000010c disk_read
80000218 g     F .text	000000ec mtime_get
800037a8 g     F .text	000000e4 INFO
800006f0 g     F .text	000001c4 soft_tlb_switch
80000000 g       .init	00000000 boot_loader
80003194 g     F .text	00000430 elf_load
80008624 g     O .bss	00001800 page_info_table



Disassembly of section .init:

80000000 <boot_loader>:
boot_loader():
80000000:	00008297          	auipc	t0,0x8
80000004:	61c28293          	addi	t0,t0,1564 # 8000861c <boot_lock>
80000008:	00100313          	li	t1,1
8000000c:	0c62a32f          	amoswap.w.aq	t1,t1,(t0)
80000010:	fe0318e3          	bnez	t1,80000000 <boot_loader>
80000014:	80200137          	lui	sp,0x80200
80000018:	118000ef          	jal	80000130 <boot>

Disassembly of section .text:

80000020 <trap_entry>:
trap_entry():
80000020:	34011073          	csrw	mscratch,sp
80000024:	80200137          	lui	sp,0x80200
80000028:	f8010113          	addi	sp,sp,-128 # 801fff80 <__heap_end+0xfff80>
8000002c:	00a12023          	sw	a0,0(sp)
80000030:	00b12223          	sw	a1,4(sp)
80000034:	00c12423          	sw	a2,8(sp)
80000038:	00d12623          	sw	a3,12(sp)
8000003c:	00e12823          	sw	a4,16(sp)
80000040:	00f12a23          	sw	a5,20(sp)
80000044:	01012c23          	sw	a6,24(sp)
80000048:	01112e23          	sw	a7,28(sp)
8000004c:	02512023          	sw	t0,32(sp)
80000050:	02612223          	sw	t1,36(sp)
80000054:	02712423          	sw	t2,40(sp)
80000058:	03c12623          	sw	t3,44(sp)
8000005c:	03d12823          	sw	t4,48(sp)
80000060:	03e12a23          	sw	t5,52(sp)
80000064:	03f12c23          	sw	t6,56(sp)
80000068:	02812e23          	sw	s0,60(sp)
8000006c:	04912023          	sw	s1,64(sp)
80000070:	05212223          	sw	s2,68(sp)
80000074:	05312423          	sw	s3,72(sp)
80000078:	05412623          	sw	s4,76(sp)
8000007c:	05512823          	sw	s5,80(sp)
80000080:	05612a23          	sw	s6,84(sp)
80000084:	05712c23          	sw	s7,88(sp)
80000088:	05812e23          	sw	s8,92(sp)
8000008c:	07912023          	sw	s9,96(sp)
80000090:	07a12223          	sw	s10,100(sp)
80000094:	07b12423          	sw	s11,104(sp)
80000098:	06112623          	sw	ra,108(sp)
8000009c:	06312823          	sw	gp,112(sp)
800000a0:	06412a23          	sw	tp,116(sp)
800000a4:	340022f3          	csrr	t0,mscratch
800000a8:	06512c23          	sw	t0,120(sp)
800000ac:	60d010ef          	jal	80001eb8 <kernel_entry>
800000b0:	00012503          	lw	a0,0(sp)
800000b4:	00412583          	lw	a1,4(sp)
800000b8:	00812603          	lw	a2,8(sp)
800000bc:	00c12683          	lw	a3,12(sp)
800000c0:	01012703          	lw	a4,16(sp)
800000c4:	01412783          	lw	a5,20(sp)
800000c8:	01812803          	lw	a6,24(sp)
800000cc:	01c12883          	lw	a7,28(sp)
800000d0:	02012283          	lw	t0,32(sp)
800000d4:	02412303          	lw	t1,36(sp)
800000d8:	02812383          	lw	t2,40(sp)
800000dc:	02c12e03          	lw	t3,44(sp)
800000e0:	03012e83          	lw	t4,48(sp)
800000e4:	03412f03          	lw	t5,52(sp)
800000e8:	03812f83          	lw	t6,56(sp)
800000ec:	03c12403          	lw	s0,60(sp)
800000f0:	04012483          	lw	s1,64(sp)
800000f4:	04412903          	lw	s2,68(sp)
800000f8:	04812983          	lw	s3,72(sp)
800000fc:	04c12a03          	lw	s4,76(sp)
80000100:	05012a83          	lw	s5,80(sp)
80000104:	05412b03          	lw	s6,84(sp)
80000108:	05812b83          	lw	s7,88(sp)
8000010c:	05c12c03          	lw	s8,92(sp)
80000110:	06012c83          	lw	s9,96(sp)
80000114:	06412d03          	lw	s10,100(sp)
80000118:	06812d83          	lw	s11,104(sp)
8000011c:	06c12083          	lw	ra,108(sp)
80000120:	07012183          	lw	gp,112(sp)
80000124:	07412203          	lw	tp,116(sp)
80000128:	07812103          	lw	sp,120(sp)
8000012c:	30200073          	mret

80000130 <boot>:
boot():
80000130:	fe010113          	addi	sp,sp,-32
80000134:	00112e23          	sw	ra,28(sp)
80000138:	00812c23          	sw	s0,24(sp)
8000013c:	02010413          	addi	s0,sp,32
80000140:	f14027f3          	csrr	a5,mhartid
80000144:	fef42623          	sw	a5,-20(s0)
80000148:	f11027f3          	csrr	a5,mvendorid
8000014c:	fef42423          	sw	a5,-24(s0)
80000150:	fe842783          	lw	a5,-24(s0)
80000154:	d6678793          	addi	a5,a5,-666
80000158:	00f037b3          	snez	a5,a5
8000015c:	0ff7f713          	zext.b	a4,a5
80000160:	800087b7          	lui	a5,0x80008
80000164:	5647a783          	lw	a5,1380(a5) # 80008564 <earth>
80000168:	02e7a823          	sw	a4,48(a5)
8000016c:	800087b7          	lui	a5,0x80008
80000170:	6207a783          	lw	a5,1568(a5) # 80008620 <booted_core_cnt>
80000174:	00178693          	addi	a3,a5,1
80000178:	80008737          	lui	a4,0x80008
8000017c:	62d72023          	sw	a3,1568(a4) # 80008620 <booted_core_cnt>
80000180:	06079a63          	bnez	a5,800001f4 <boot+0xc4>
80000184:	2f5010ef          	jal	80001c78 <tty_init>
80000188:	800087b7          	lui	a5,0x80008
8000018c:	5647a783          	lw	a5,1380(a5) # 80008564 <earth>
80000190:	0307a783          	lw	a5,48(a5)
80000194:	00079863          	bnez	a5,800001a4 <boot+0x74>
80000198:	800087b7          	lui	a5,0x80008
8000019c:	00078793          	mv	a5,a5
800001a0:	00c0006f          	j	800001ac <boot+0x7c>
800001a4:	800087b7          	lui	a5,0x80008
800001a8:	00c78793          	addi	a5,a5,12 # 8000800c <__modsi3+0x3b5c>
800001ac:	fec42603          	lw	a2,-20(s0)
800001b0:	00078593          	mv	a1,a5
800001b4:	800087b7          	lui	a5,0x80008
800001b8:	01478513          	addi	a0,a5,20 # 80008014 <__modsi3+0x3b64>
800001bc:	15d030ef          	jal	80003b18 <CRITICAL>
800001c0:	70c010ef          	jal	800018cc <disk_init>
800001c4:	800087b7          	lui	a5,0x80008
800001c8:	03878513          	addi	a0,a5,56 # 80008038 <__modsi3+0x3b88>
800001cc:	7f8030ef          	jal	800039c4 <SUCCESS>
800001d0:	44d000ef          	jal	80000e1c <mmu_init>
800001d4:	fec42503          	lw	a0,-20(s0)
800001d8:	2a0000ef          	jal	80000478 <intr_init>
800001dc:	800087b7          	lui	a5,0x80008
800001e0:	06878513          	addi	a0,a5,104 # 80008068 <__modsi3+0x3bb8>
800001e4:	7e0030ef          	jal	800039c4 <SUCCESS>
800001e8:	fec42503          	lw	a0,-20(s0)
800001ec:	33d010ef          	jal	80001d28 <grass_entry>
800001f0:	0140006f          	j	80000204 <boot+0xd4>
800001f4:	fec42583          	lw	a1,-20(s0)
800001f8:	800087b7          	lui	a5,0x80008
800001fc:	09c78513          	addi	a0,a5,156 # 8000809c <__modsi3+0x3bec>
80000200:	7c4030ef          	jal	800039c4 <SUCCESS>
80000204:	00000013          	nop
80000208:	01c12083          	lw	ra,28(sp)
8000020c:	01812403          	lw	s0,24(sp)
80000210:	02010113          	addi	sp,sp,32
80000214:	00008067          	ret

80000218 <mtime_get>:
mtime_get():
80000218:	fe010113          	addi	sp,sp,-32
8000021c:	00112e23          	sw	ra,28(sp)
80000220:	00812c23          	sw	s0,24(sp)
80000224:	02010413          	addi	s0,sp,32
80000228:	80008837          	lui	a6,0x80008
8000022c:	56482803          	lw	a6,1380(a6) # 80008564 <earth>
80000230:	03082883          	lw	a7,48(a6)
80000234:	00100813          	li	a6,1
80000238:	01089863          	bne	a7,a6,80000248 <mtime_get+0x30>
8000023c:	0200c837          	lui	a6,0x200c
80000240:	ffc80813          	addi	a6,a6,-4 # 200bffc <boot_loader-0x7dff4004>
80000244:	00c0006f          	j	80000250 <mtime_get+0x38>
80000248:	f001c837          	lui	a6,0xf001c
8000024c:	ffc80813          	addi	a6,a6,-4 # f001bffc <__heap_end+0x6ff1bffc>
80000250:	00082803          	lw	a6,0(a6)
80000254:	ff042623          	sw	a6,-20(s0)
80000258:	80008837          	lui	a6,0x80008
8000025c:	56482803          	lw	a6,1380(a6) # 80008564 <earth>
80000260:	03082883          	lw	a7,48(a6)
80000264:	00100813          	li	a6,1
80000268:	01089863          	bne	a7,a6,80000278 <mtime_get+0x60>
8000026c:	0200c837          	lui	a6,0x200c
80000270:	ff880813          	addi	a6,a6,-8 # 200bff8 <boot_loader-0x7dff4008>
80000274:	00c0006f          	j	80000280 <mtime_get+0x68>
80000278:	f001c837          	lui	a6,0xf001c
8000027c:	ff880813          	addi	a6,a6,-8 # f001bff8 <__heap_end+0x6ff1bff8>
80000280:	00082803          	lw	a6,0(a6)
80000284:	ff042423          	sw	a6,-24(s0)
80000288:	80008837          	lui	a6,0x80008
8000028c:	56482803          	lw	a6,1380(a6) # 80008564 <earth>
80000290:	03082883          	lw	a7,48(a6)
80000294:	00100813          	li	a6,1
80000298:	01089863          	bne	a7,a6,800002a8 <mtime_get+0x90>
8000029c:	0200c837          	lui	a6,0x200c
800002a0:	ffc80813          	addi	a6,a6,-4 # 200bffc <boot_loader-0x7dff4004>
800002a4:	00c0006f          	j	800002b0 <mtime_get+0x98>
800002a8:	f001c837          	lui	a6,0xf001c
800002ac:	ffc80813          	addi	a6,a6,-4 # f001bffc <__heap_end+0x6ff1bffc>
800002b0:	00082803          	lw	a6,0(a6)
800002b4:	fec42883          	lw	a7,-20(s0)
800002b8:	f70898e3          	bne	a7,a6,80000228 <mtime_get+0x10>
800002bc:	fec42803          	lw	a6,-20(s0)
800002c0:	00080313          	mv	t1,a6
800002c4:	00000393          	li	t2,0
800002c8:	00031793          	slli	a5,t1,0x0
800002cc:	00000713          	li	a4,0
800002d0:	fe842803          	lw	a6,-24(s0)
800002d4:	00080613          	mv	a2,a6
800002d8:	00000693          	li	a3,0
800002dc:	00c76533          	or	a0,a4,a2
800002e0:	00d7e5b3          	or	a1,a5,a3
800002e4:	00050713          	mv	a4,a0
800002e8:	00058793          	mv	a5,a1
800002ec:	00070513          	mv	a0,a4
800002f0:	00078593          	mv	a1,a5
800002f4:	01c12083          	lw	ra,28(sp)
800002f8:	01812403          	lw	s0,24(sp)
800002fc:	02010113          	addi	sp,sp,32
80000300:	00008067          	ret

80000304 <mtimecmp_set>:
mtimecmp_set():
80000304:	fe010113          	addi	sp,sp,-32
80000308:	00112e23          	sw	ra,28(sp)
8000030c:	00812c23          	sw	s0,24(sp)
80000310:	02010413          	addi	s0,sp,32
80000314:	fea42423          	sw	a0,-24(s0)
80000318:	feb42623          	sw	a1,-20(s0)
8000031c:	fec42223          	sw	a2,-28(s0)
80000320:	800087b7          	lui	a5,0x80008
80000324:	5647a783          	lw	a5,1380(a5) # 80008564 <earth>
80000328:	0307a703          	lw	a4,48(a5)
8000032c:	00100793          	li	a5,1
80000330:	00f71663          	bne	a4,a5,8000033c <mtimecmp_set+0x38>
80000334:	020047b7          	lui	a5,0x2004
80000338:	0080006f          	j	80000340 <mtimecmp_set+0x3c>
8000033c:	f00147b7          	lui	a5,0xf0014
80000340:	fe442703          	lw	a4,-28(s0)
80000344:	00371713          	slli	a4,a4,0x3
80000348:	00e787b3          	add	a5,a5,a4
8000034c:	00478793          	addi	a5,a5,4 # f0014004 <__heap_end+0x6ff14004>
80000350:	00078713          	mv	a4,a5
80000354:	fff00793          	li	a5,-1
80000358:	00f72023          	sw	a5,0(a4)
8000035c:	800087b7          	lui	a5,0x80008
80000360:	5647a783          	lw	a5,1380(a5) # 80008564 <earth>
80000364:	0307a703          	lw	a4,48(a5)
80000368:	00100793          	li	a5,1
8000036c:	00f71663          	bne	a4,a5,80000378 <mtimecmp_set+0x74>
80000370:	020047b7          	lui	a5,0x2004
80000374:	0080006f          	j	8000037c <mtimecmp_set+0x78>
80000378:	f00147b7          	lui	a5,0xf0014
8000037c:	fe442703          	lw	a4,-28(s0)
80000380:	00371713          	slli	a4,a4,0x3
80000384:	00e787b3          	add	a5,a5,a4
80000388:	00078713          	mv	a4,a5
8000038c:	fe842783          	lw	a5,-24(s0)
80000390:	00f72023          	sw	a5,0(a4)
80000394:	fec42783          	lw	a5,-20(s0)
80000398:	0007d813          	srli	a6,a5,0x0
8000039c:	00000893          	li	a7,0
800003a0:	800087b7          	lui	a5,0x80008
800003a4:	5647a783          	lw	a5,1380(a5) # 80008564 <earth>
800003a8:	0307a703          	lw	a4,48(a5)
800003ac:	00100793          	li	a5,1
800003b0:	00f71663          	bne	a4,a5,800003bc <mtimecmp_set+0xb8>
800003b4:	020047b7          	lui	a5,0x2004
800003b8:	0080006f          	j	800003c0 <mtimecmp_set+0xbc>
800003bc:	f00147b7          	lui	a5,0xf0014
800003c0:	fe442703          	lw	a4,-28(s0)
800003c4:	00371713          	slli	a4,a4,0x3
800003c8:	00e787b3          	add	a5,a5,a4
800003cc:	00478793          	addi	a5,a5,4 # f0014004 <__heap_end+0x6ff14004>
800003d0:	00080713          	mv	a4,a6
800003d4:	00e7a023          	sw	a4,0(a5)
800003d8:	00000013          	nop
800003dc:	01c12083          	lw	ra,28(sp)
800003e0:	01812403          	lw	s0,24(sp)
800003e4:	02010113          	addi	sp,sp,32
800003e8:	00008067          	ret

800003ec <timer_reset>:
timer_reset():
800003ec:	fe010113          	addi	sp,sp,-32
800003f0:	00112e23          	sw	ra,28(sp)
800003f4:	00812c23          	sw	s0,24(sp)
800003f8:	02010413          	addi	s0,sp,32
800003fc:	fea42623          	sw	a0,-20(s0)
80000400:	e19ff0ef          	jal	80000218 <mtime_get>
80000404:	800087b7          	lui	a5,0x80008
80000408:	5647a783          	lw	a5,1380(a5) # 80008564 <earth>
8000040c:	0307a703          	lw	a4,48(a5)
80000410:	00100793          	li	a5,1
80000414:	00f71a63          	bne	a4,a5,80000428 <timer_reset+0x3c>
80000418:	00018737          	lui	a4,0x18
8000041c:	6a070713          	addi	a4,a4,1696 # 186a0 <boot_loader-0x7ffe7960>
80000420:	00000793          	li	a5,0
80000424:	0100006f          	j	80000434 <timer_reset+0x48>
80000428:	02faf737          	lui	a4,0x2faf
8000042c:	08070713          	addi	a4,a4,128 # 2faf080 <boot_loader-0x7d050f80>
80000430:	00000793          	li	a5,0
80000434:	00a70633          	add	a2,a4,a0
80000438:	00060813          	mv	a6,a2
8000043c:	00e83833          	sltu	a6,a6,a4
80000440:	00b786b3          	add	a3,a5,a1
80000444:	00d807b3          	add	a5,a6,a3
80000448:	00078693          	mv	a3,a5
8000044c:	00060713          	mv	a4,a2
80000450:	00068793          	mv	a5,a3
80000454:	fec42603          	lw	a2,-20(s0)
80000458:	00070513          	mv	a0,a4
8000045c:	00078593          	mv	a1,a5
80000460:	ea5ff0ef          	jal	80000304 <mtimecmp_set>
80000464:	00000013          	nop
80000468:	01c12083          	lw	ra,28(sp)
8000046c:	01812403          	lw	s0,24(sp)
80000470:	02010113          	addi	sp,sp,32
80000474:	00008067          	ret

80000478 <intr_init>:
intr_init():
80000478:	fe010113          	addi	sp,sp,-32
8000047c:	00112e23          	sw	ra,28(sp)
80000480:	00812c23          	sw	s0,24(sp)
80000484:	02010413          	addi	s0,sp,32
80000488:	fea42623          	sw	a0,-20(s0)
8000048c:	800087b7          	lui	a5,0x80008
80000490:	5647a783          	lw	a5,1380(a5) # 80008564 <earth>
80000494:	80000737          	lui	a4,0x80000
80000498:	3ec70713          	addi	a4,a4,1004 # 800003ec <timer_reset>
8000049c:	00e7a623          	sw	a4,12(a5)
800004a0:	fec42603          	lw	a2,-20(s0)
800004a4:	fff00513          	li	a0,-1
800004a8:	100005b7          	lui	a1,0x10000
800004ac:	fff58593          	addi	a1,a1,-1 # fffffff <boot_loader-0x70000001>
800004b0:	e55ff0ef          	jal	80000304 <mtimecmp_set>
800004b4:	800007b7          	lui	a5,0x80000
800004b8:	02078793          	addi	a5,a5,32 # 80000020 <trap_entry>
800004bc:	30579073          	csrw	mtvec,a5
800004c0:	800087b7          	lui	a5,0x80008
800004c4:	0bc78513          	addi	a0,a5,188 # 800080bc <__modsi3+0x3c0c>
800004c8:	2e0030ef          	jal	800037a8 <INFO>
800004cc:	00000793          	li	a5,0
800004d0:	34479073          	csrw	mip,a5
800004d4:	08000793          	li	a5,128
800004d8:	3047a073          	csrs	mie,a5
800004dc:	08800793          	li	a5,136
800004e0:	3007a073          	csrs	mstatus,a5
800004e4:	00000013          	nop
800004e8:	01c12083          	lw	ra,28(sp)
800004ec:	01812403          	lw	s0,24(sp)
800004f0:	02010113          	addi	sp,sp,32
800004f4:	00008067          	ret

800004f8 <mmu_alloc>:
mmu_alloc():
800004f8:	fe010113          	addi	sp,sp,-32
800004fc:	00112e23          	sw	ra,28(sp)
80000500:	00812c23          	sw	s0,24(sp)
80000504:	02010413          	addi	s0,sp,32
80000508:	fe042623          	sw	zero,-20(s0)
8000050c:	0680006f          	j	80000574 <mmu_alloc+0x7c>
80000510:	800087b7          	lui	a5,0x80008
80000514:	62478693          	addi	a3,a5,1572 # 80008624 <page_info_table>
80000518:	fec42703          	lw	a4,-20(s0)
8000051c:	00070793          	mv	a5,a4
80000520:	00179793          	slli	a5,a5,0x1
80000524:	00e787b3          	add	a5,a5,a4
80000528:	00279793          	slli	a5,a5,0x2
8000052c:	00f687b3          	add	a5,a3,a5
80000530:	0007a783          	lw	a5,0(a5)
80000534:	02079a63          	bnez	a5,80000568 <mmu_alloc+0x70>
80000538:	800087b7          	lui	a5,0x80008
8000053c:	62478693          	addi	a3,a5,1572 # 80008624 <page_info_table>
80000540:	fec42703          	lw	a4,-20(s0)
80000544:	00070793          	mv	a5,a4
80000548:	00179793          	slli	a5,a5,0x1
8000054c:	00e787b3          	add	a5,a5,a4
80000550:	00279793          	slli	a5,a5,0x2
80000554:	00f687b3          	add	a5,a3,a5
80000558:	00100713          	li	a4,1
8000055c:	00e7a023          	sw	a4,0(a5)
80000560:	fec42783          	lw	a5,-20(s0)
80000564:	0280006f          	j	8000058c <mmu_alloc+0x94>
80000568:	fec42783          	lw	a5,-20(s0)
8000056c:	00178793          	addi	a5,a5,1
80000570:	fef42623          	sw	a5,-20(s0)
80000574:	fec42703          	lw	a4,-20(s0)
80000578:	1ff00793          	li	a5,511
8000057c:	f8e7fae3          	bgeu	a5,a4,80000510 <mmu_alloc+0x18>
80000580:	800087b7          	lui	a5,0x80008
80000584:	10078513          	addi	a0,a5,256 # 80008100 <__modsi3+0x3c50>
80000588:	304030ef          	jal	8000388c <FATAL>
8000058c:	00078513          	mv	a0,a5
80000590:	01c12083          	lw	ra,28(sp)
80000594:	01812403          	lw	s0,24(sp)
80000598:	02010113          	addi	sp,sp,32
8000059c:	00008067          	ret

800005a0 <mmu_free>:
mmu_free():
800005a0:	fd010113          	addi	sp,sp,-48
800005a4:	02112623          	sw	ra,44(sp)
800005a8:	02812423          	sw	s0,40(sp)
800005ac:	03010413          	addi	s0,sp,48
800005b0:	fca42e23          	sw	a0,-36(s0)
800005b4:	fe042623          	sw	zero,-20(s0)
800005b8:	0940006f          	j	8000064c <mmu_free+0xac>
800005bc:	800087b7          	lui	a5,0x80008
800005c0:	62478693          	addi	a3,a5,1572 # 80008624 <page_info_table>
800005c4:	fec42703          	lw	a4,-20(s0)
800005c8:	00070793          	mv	a5,a4
800005cc:	00179793          	slli	a5,a5,0x1
800005d0:	00e787b3          	add	a5,a5,a4
800005d4:	00279793          	slli	a5,a5,0x2
800005d8:	00f687b3          	add	a5,a3,a5
800005dc:	0007a783          	lw	a5,0(a5)
800005e0:	06078063          	beqz	a5,80000640 <mmu_free+0xa0>
800005e4:	800087b7          	lui	a5,0x80008
800005e8:	62478693          	addi	a3,a5,1572 # 80008624 <page_info_table>
800005ec:	fec42703          	lw	a4,-20(s0)
800005f0:	00070793          	mv	a5,a4
800005f4:	00179793          	slli	a5,a5,0x1
800005f8:	00e787b3          	add	a5,a5,a4
800005fc:	00279793          	slli	a5,a5,0x2
80000600:	00f687b3          	add	a5,a3,a5
80000604:	0047a783          	lw	a5,4(a5)
80000608:	fdc42703          	lw	a4,-36(s0)
8000060c:	02f71a63          	bne	a4,a5,80000640 <mmu_free+0xa0>
80000610:	fec42703          	lw	a4,-20(s0)
80000614:	00070793          	mv	a5,a4
80000618:	00179793          	slli	a5,a5,0x1
8000061c:	00e787b3          	add	a5,a5,a4
80000620:	00279793          	slli	a5,a5,0x2
80000624:	80008737          	lui	a4,0x80008
80000628:	62470713          	addi	a4,a4,1572 # 80008624 <page_info_table>
8000062c:	00e787b3          	add	a5,a5,a4
80000630:	00c00613          	li	a2,12
80000634:	00000593          	li	a1,0
80000638:	00078513          	mv	a0,a5
8000063c:	2bd030ef          	jal	800040f8 <memset>
80000640:	fec42783          	lw	a5,-20(s0)
80000644:	00178793          	addi	a5,a5,1
80000648:	fef42623          	sw	a5,-20(s0)
8000064c:	fec42703          	lw	a4,-20(s0)
80000650:	1ff00793          	li	a5,511
80000654:	f6e7f4e3          	bgeu	a5,a4,800005bc <mmu_free+0x1c>
80000658:	00000013          	nop
8000065c:	00000013          	nop
80000660:	02c12083          	lw	ra,44(sp)
80000664:	02812403          	lw	s0,40(sp)
80000668:	03010113          	addi	sp,sp,48
8000066c:	00008067          	ret

80000670 <soft_tlb_map>:
soft_tlb_map():
80000670:	fe010113          	addi	sp,sp,-32
80000674:	00112e23          	sw	ra,28(sp)
80000678:	00812c23          	sw	s0,24(sp)
8000067c:	02010413          	addi	s0,sp,32
80000680:	fea42623          	sw	a0,-20(s0)
80000684:	feb42423          	sw	a1,-24(s0)
80000688:	fec42223          	sw	a2,-28(s0)
8000068c:	800087b7          	lui	a5,0x80008
80000690:	62478693          	addi	a3,a5,1572 # 80008624 <page_info_table>
80000694:	fe442703          	lw	a4,-28(s0)
80000698:	00070793          	mv	a5,a4
8000069c:	00179793          	slli	a5,a5,0x1
800006a0:	00e787b3          	add	a5,a5,a4
800006a4:	00279793          	slli	a5,a5,0x2
800006a8:	00f687b3          	add	a5,a3,a5
800006ac:	fec42703          	lw	a4,-20(s0)
800006b0:	00e7a223          	sw	a4,4(a5)
800006b4:	800087b7          	lui	a5,0x80008
800006b8:	62478693          	addi	a3,a5,1572 # 80008624 <page_info_table>
800006bc:	fe442703          	lw	a4,-28(s0)
800006c0:	00070793          	mv	a5,a4
800006c4:	00179793          	slli	a5,a5,0x1
800006c8:	00e787b3          	add	a5,a5,a4
800006cc:	00279793          	slli	a5,a5,0x2
800006d0:	00f687b3          	add	a5,a3,a5
800006d4:	fe842703          	lw	a4,-24(s0)
800006d8:	00e7a423          	sw	a4,8(a5)
800006dc:	00000013          	nop
800006e0:	01c12083          	lw	ra,28(sp)
800006e4:	01812403          	lw	s0,24(sp)
800006e8:	02010113          	addi	sp,sp,32
800006ec:	00008067          	ret

800006f0 <soft_tlb_switch>:
soft_tlb_switch():
800006f0:	fd010113          	addi	sp,sp,-48
800006f4:	02112623          	sw	ra,44(sp)
800006f8:	02812423          	sw	s0,40(sp)
800006fc:	03010413          	addi	s0,sp,48
80000700:	fca42e23          	sw	a0,-36(s0)
80000704:	800087b7          	lui	a5,0x80008
80000708:	5687a783          	lw	a5,1384(a5) # 80008568 <curr_vm_pid.0>
8000070c:	fdc42703          	lw	a4,-36(s0)
80000710:	18f70863          	beq	a4,a5,800008a0 <soft_tlb_switch+0x1b0>
80000714:	fe042623          	sw	zero,-20(s0)
80000718:	0ac0006f          	j	800007c4 <soft_tlb_switch+0xd4>
8000071c:	800087b7          	lui	a5,0x80008
80000720:	62478693          	addi	a3,a5,1572 # 80008624 <page_info_table>
80000724:	fec42703          	lw	a4,-20(s0)
80000728:	00070793          	mv	a5,a4
8000072c:	00179793          	slli	a5,a5,0x1
80000730:	00e787b3          	add	a5,a5,a4
80000734:	00279793          	slli	a5,a5,0x2
80000738:	00f687b3          	add	a5,a3,a5
8000073c:	0007a783          	lw	a5,0(a5)
80000740:	06078c63          	beqz	a5,800007b8 <soft_tlb_switch+0xc8>
80000744:	800087b7          	lui	a5,0x80008
80000748:	62478693          	addi	a3,a5,1572 # 80008624 <page_info_table>
8000074c:	fec42703          	lw	a4,-20(s0)
80000750:	00070793          	mv	a5,a4
80000754:	00179793          	slli	a5,a5,0x1
80000758:	00e787b3          	add	a5,a5,a4
8000075c:	00279793          	slli	a5,a5,0x2
80000760:	00f687b3          	add	a5,a3,a5
80000764:	0047a703          	lw	a4,4(a5)
80000768:	800087b7          	lui	a5,0x80008
8000076c:	5687a783          	lw	a5,1384(a5) # 80008568 <curr_vm_pid.0>
80000770:	04f71463          	bne	a4,a5,800007b8 <soft_tlb_switch+0xc8>
80000774:	fec42783          	lw	a5,-20(s0)
80000778:	00c79713          	slli	a4,a5,0xc
8000077c:	804007b7          	lui	a5,0x80400
80000780:	00f70533          	add	a0,a4,a5
80000784:	800087b7          	lui	a5,0x80008
80000788:	62478693          	addi	a3,a5,1572 # 80008624 <page_info_table>
8000078c:	fec42703          	lw	a4,-20(s0)
80000790:	00070793          	mv	a5,a4
80000794:	00179793          	slli	a5,a5,0x1
80000798:	00e787b3          	add	a5,a5,a4
8000079c:	00279793          	slli	a5,a5,0x2
800007a0:	00f687b3          	add	a5,a3,a5
800007a4:	0087a783          	lw	a5,8(a5)
800007a8:	00c79793          	slli	a5,a5,0xc
800007ac:	00001637          	lui	a2,0x1
800007b0:	00078593          	mv	a1,a5
800007b4:	221030ef          	jal	800041d4 <memcpy>
800007b8:	fec42783          	lw	a5,-20(s0)
800007bc:	00178793          	addi	a5,a5,1
800007c0:	fef42623          	sw	a5,-20(s0)
800007c4:	fec42703          	lw	a4,-20(s0)
800007c8:	1ff00793          	li	a5,511
800007cc:	f4e7f8e3          	bgeu	a5,a4,8000071c <soft_tlb_switch+0x2c>
800007d0:	fe042423          	sw	zero,-24(s0)
800007d4:	0b00006f          	j	80000884 <soft_tlb_switch+0x194>
800007d8:	800087b7          	lui	a5,0x80008
800007dc:	62478693          	addi	a3,a5,1572 # 80008624 <page_info_table>
800007e0:	fe842703          	lw	a4,-24(s0)
800007e4:	00070793          	mv	a5,a4
800007e8:	00179793          	slli	a5,a5,0x1
800007ec:	00e787b3          	add	a5,a5,a4
800007f0:	00279793          	slli	a5,a5,0x2
800007f4:	00f687b3          	add	a5,a3,a5
800007f8:	0007a783          	lw	a5,0(a5)
800007fc:	06078e63          	beqz	a5,80000878 <soft_tlb_switch+0x188>
80000800:	800087b7          	lui	a5,0x80008
80000804:	62478693          	addi	a3,a5,1572 # 80008624 <page_info_table>
80000808:	fe842703          	lw	a4,-24(s0)
8000080c:	00070793          	mv	a5,a4
80000810:	00179793          	slli	a5,a5,0x1
80000814:	00e787b3          	add	a5,a5,a4
80000818:	00279793          	slli	a5,a5,0x2
8000081c:	00f687b3          	add	a5,a3,a5
80000820:	0047a783          	lw	a5,4(a5)
80000824:	fdc42703          	lw	a4,-36(s0)
80000828:	04f71863          	bne	a4,a5,80000878 <soft_tlb_switch+0x188>
8000082c:	800087b7          	lui	a5,0x80008
80000830:	62478693          	addi	a3,a5,1572 # 80008624 <page_info_table>
80000834:	fe842703          	lw	a4,-24(s0)
80000838:	00070793          	mv	a5,a4
8000083c:	00179793          	slli	a5,a5,0x1
80000840:	00e787b3          	add	a5,a5,a4
80000844:	00279793          	slli	a5,a5,0x2
80000848:	00f687b3          	add	a5,a3,a5
8000084c:	0087a783          	lw	a5,8(a5)
80000850:	00c79793          	slli	a5,a5,0xc
80000854:	00078693          	mv	a3,a5
80000858:	fe842783          	lw	a5,-24(s0)
8000085c:	00c79713          	slli	a4,a5,0xc
80000860:	804007b7          	lui	a5,0x80400
80000864:	00f707b3          	add	a5,a4,a5
80000868:	00001637          	lui	a2,0x1
8000086c:	00078593          	mv	a1,a5
80000870:	00068513          	mv	a0,a3
80000874:	161030ef          	jal	800041d4 <memcpy>
80000878:	fe842783          	lw	a5,-24(s0)
8000087c:	00178793          	addi	a5,a5,1 # 80400001 <__heap_end+0x300001>
80000880:	fef42423          	sw	a5,-24(s0)
80000884:	fe842703          	lw	a4,-24(s0)
80000888:	1ff00793          	li	a5,511
8000088c:	f4e7f6e3          	bgeu	a5,a4,800007d8 <soft_tlb_switch+0xe8>
80000890:	800087b7          	lui	a5,0x80008
80000894:	fdc42703          	lw	a4,-36(s0)
80000898:	56e7a423          	sw	a4,1384(a5) # 80008568 <curr_vm_pid.0>
8000089c:	0080006f          	j	800008a4 <soft_tlb_switch+0x1b4>
800008a0:	00000013          	nop
800008a4:	02c12083          	lw	ra,44(sp)
800008a8:	02812403          	lw	s0,40(sp)
800008ac:	03010113          	addi	sp,sp,48
800008b0:	00008067          	ret

800008b4 <soft_tlb_translate>:
soft_tlb_translate():
800008b4:	fe010113          	addi	sp,sp,-32
800008b8:	00112e23          	sw	ra,28(sp)
800008bc:	00812c23          	sw	s0,24(sp)
800008c0:	02010413          	addi	s0,sp,32
800008c4:	fea42623          	sw	a0,-20(s0)
800008c8:	feb42423          	sw	a1,-24(s0)
800008cc:	fec42503          	lw	a0,-20(s0)
800008d0:	e21ff0ef          	jal	800006f0 <soft_tlb_switch>
800008d4:	fe842783          	lw	a5,-24(s0)
800008d8:	00078513          	mv	a0,a5
800008dc:	01c12083          	lw	ra,28(sp)
800008e0:	01812403          	lw	s0,24(sp)
800008e4:	02010113          	addi	sp,sp,32
800008e8:	00008067          	ret

800008ec <setup_identity_region>:
setup_identity_region():
800008ec:	fd010113          	addi	sp,sp,-48
800008f0:	02112623          	sw	ra,44(sp)
800008f4:	02812423          	sw	s0,40(sp)
800008f8:	03010413          	addi	s0,sp,48
800008fc:	fca42e23          	sw	a0,-36(s0)
80000900:	fcb42c23          	sw	a1,-40(s0)
80000904:	fcc42a23          	sw	a2,-44(s0)
80000908:	fcd42823          	sw	a3,-48(s0)
8000090c:	fd842783          	lw	a5,-40(s0)
80000910:	0167d793          	srli	a5,a5,0x16
80000914:	fef42423          	sw	a5,-24(s0)
80000918:	800087b7          	lui	a5,0x80008
8000091c:	6007a703          	lw	a4,1536(a5) # 80008600 <root>
80000920:	fe842783          	lw	a5,-24(s0)
80000924:	00279793          	slli	a5,a5,0x2
80000928:	00f707b3          	add	a5,a4,a5
8000092c:	0007a783          	lw	a5,0(a5)
80000930:	0017f793          	andi	a5,a5,1
80000934:	02078c63          	beqz	a5,8000096c <setup_identity_region+0x80>
80000938:	800087b7          	lui	a5,0x80008
8000093c:	6007a703          	lw	a4,1536(a5) # 80008600 <root>
80000940:	fe842783          	lw	a5,-24(s0)
80000944:	00279793          	slli	a5,a5,0x2
80000948:	00f707b3          	add	a5,a4,a5
8000094c:	0007a783          	lw	a5,0(a5)
80000950:	00279713          	slli	a4,a5,0x2
80000954:	fffff7b7          	lui	a5,0xfffff
80000958:	00f777b3          	and	a5,a4,a5
8000095c:	00078713          	mv	a4,a5
80000960:	800087b7          	lui	a5,0x80008
80000964:	60e7a223          	sw	a4,1540(a5) # 80008604 <leaf>
80000968:	0980006f          	j	80000a00 <setup_identity_region+0x114>
8000096c:	800087b7          	lui	a5,0x80008
80000970:	5647a783          	lw	a5,1380(a5) # 80008564 <earth>
80000974:	0007a783          	lw	a5,0(a5)
80000978:	000780e7          	jalr	a5
8000097c:	fea42223          	sw	a0,-28(s0)
80000980:	fe442783          	lw	a5,-28(s0)
80000984:	00c79713          	slli	a4,a5,0xc
80000988:	804007b7          	lui	a5,0x80400
8000098c:	00f70733          	add	a4,a4,a5
80000990:	800087b7          	lui	a5,0x80008
80000994:	60e7a223          	sw	a4,1540(a5) # 80008604 <leaf>
80000998:	800087b7          	lui	a5,0x80008
8000099c:	62478693          	addi	a3,a5,1572 # 80008624 <page_info_table>
800009a0:	fe442703          	lw	a4,-28(s0)
800009a4:	00070793          	mv	a5,a4
800009a8:	00179793          	slli	a5,a5,0x1
800009ac:	00e787b3          	add	a5,a5,a4
800009b0:	00279793          	slli	a5,a5,0x2
800009b4:	00f687b3          	add	a5,a3,a5
800009b8:	fdc42703          	lw	a4,-36(s0)
800009bc:	00e7a223          	sw	a4,4(a5)
800009c0:	800087b7          	lui	a5,0x80008
800009c4:	6047a783          	lw	a5,1540(a5) # 80008604 <leaf>
800009c8:	00001637          	lui	a2,0x1
800009cc:	00000593          	li	a1,0
800009d0:	00078513          	mv	a0,a5
800009d4:	724030ef          	jal	800040f8 <memset>
800009d8:	800087b7          	lui	a5,0x80008
800009dc:	6047a783          	lw	a5,1540(a5) # 80008604 <leaf>
800009e0:	0027d713          	srli	a4,a5,0x2
800009e4:	800087b7          	lui	a5,0x80008
800009e8:	6007a683          	lw	a3,1536(a5) # 80008600 <root>
800009ec:	fe842783          	lw	a5,-24(s0)
800009f0:	00279793          	slli	a5,a5,0x2
800009f4:	00f687b3          	add	a5,a3,a5
800009f8:	00176713          	ori	a4,a4,1
800009fc:	00e7a023          	sw	a4,0(a5)
80000a00:	fd842783          	lw	a5,-40(s0)
80000a04:	00c7d793          	srli	a5,a5,0xc
80000a08:	3ff7f793          	andi	a5,a5,1023
80000a0c:	fef42023          	sw	a5,-32(s0)
80000a10:	fe042623          	sw	zero,-20(s0)
80000a14:	04c0006f          	j	80000a60 <setup_identity_region+0x174>
80000a18:	fec42783          	lw	a5,-20(s0)
80000a1c:	00c79713          	slli	a4,a5,0xc
80000a20:	fd842783          	lw	a5,-40(s0)
80000a24:	00f707b3          	add	a5,a4,a5
80000a28:	0027d693          	srli	a3,a5,0x2
80000a2c:	800087b7          	lui	a5,0x80008
80000a30:	6047a703          	lw	a4,1540(a5) # 80008604 <leaf>
80000a34:	fe042603          	lw	a2,-32(s0)
80000a38:	fec42783          	lw	a5,-20(s0)
80000a3c:	00f607b3          	add	a5,a2,a5
80000a40:	00279793          	slli	a5,a5,0x2
80000a44:	00f707b3          	add	a5,a4,a5
80000a48:	fd042703          	lw	a4,-48(s0)
80000a4c:	00e6e733          	or	a4,a3,a4
80000a50:	00e7a023          	sw	a4,0(a5)
80000a54:	fec42783          	lw	a5,-20(s0)
80000a58:	00178793          	addi	a5,a5,1
80000a5c:	fef42623          	sw	a5,-20(s0)
80000a60:	fec42703          	lw	a4,-20(s0)
80000a64:	fd442783          	lw	a5,-44(s0)
80000a68:	faf768e3          	bltu	a4,a5,80000a18 <setup_identity_region+0x12c>
80000a6c:	00000013          	nop
80000a70:	00000013          	nop
80000a74:	02c12083          	lw	ra,44(sp)
80000a78:	02812403          	lw	s0,40(sp)
80000a7c:	03010113          	addi	sp,sp,48
80000a80:	00008067          	ret

80000a84 <pagetable_identity_map>:
pagetable_identity_map():
80000a84:	fd010113          	addi	sp,sp,-48
80000a88:	02112623          	sw	ra,44(sp)
80000a8c:	02812423          	sw	s0,40(sp)
80000a90:	03010413          	addi	s0,sp,48
80000a94:	fca42e23          	sw	a0,-36(s0)
80000a98:	800087b7          	lui	a5,0x80008
80000a9c:	5647a783          	lw	a5,1380(a5) # 80008564 <earth>
80000aa0:	0007a783          	lw	a5,0(a5)
80000aa4:	000780e7          	jalr	a5
80000aa8:	fea42423          	sw	a0,-24(s0)
80000aac:	fe842783          	lw	a5,-24(s0)
80000ab0:	00c79713          	slli	a4,a5,0xc
80000ab4:	804007b7          	lui	a5,0x80400
80000ab8:	00f70733          	add	a4,a4,a5
80000abc:	800087b7          	lui	a5,0x80008
80000ac0:	60e7a023          	sw	a4,1536(a5) # 80008600 <root>
80000ac4:	800087b7          	lui	a5,0x80008
80000ac8:	62478693          	addi	a3,a5,1572 # 80008624 <page_info_table>
80000acc:	fe842703          	lw	a4,-24(s0)
80000ad0:	00070793          	mv	a5,a4
80000ad4:	00179793          	slli	a5,a5,0x1
80000ad8:	00e787b3          	add	a5,a5,a4
80000adc:	00279793          	slli	a5,a5,0x2
80000ae0:	00f687b3          	add	a5,a3,a5
80000ae4:	fdc42703          	lw	a4,-36(s0)
80000ae8:	00e7a223          	sw	a4,4(a5)
80000aec:	800087b7          	lui	a5,0x80008
80000af0:	6007a703          	lw	a4,1536(a5) # 80008600 <root>
80000af4:	8000a7b7          	lui	a5,0x8000a
80000af8:	e2478693          	addi	a3,a5,-476 # 80009e24 <pid_to_pagetable_base>
80000afc:	fdc42783          	lw	a5,-36(s0)
80000b00:	00279793          	slli	a5,a5,0x2
80000b04:	00f687b3          	add	a5,a3,a5
80000b08:	00e7a023          	sw	a4,0(a5)
80000b0c:	800087b7          	lui	a5,0x80008
80000b10:	6007a783          	lw	a5,1536(a5) # 80008600 <root>
80000b14:	00001637          	lui	a2,0x1
80000b18:	00000593          	li	a1,0
80000b1c:	00078513          	mv	a0,a5
80000b20:	5d8030ef          	jal	800040f8 <memset>
80000b24:	800007b7          	lui	a5,0x80000
80000b28:	fef42623          	sw	a5,-20(s0)
80000b2c:	0280006f          	j	80000b54 <pagetable_identity_map+0xd0>
80000b30:	0df00693          	li	a3,223
80000b34:	40000613          	li	a2,1024
80000b38:	fec42583          	lw	a1,-20(s0)
80000b3c:	fdc42503          	lw	a0,-36(s0)
80000b40:	dadff0ef          	jal	800008ec <setup_identity_region>
80000b44:	fec42703          	lw	a4,-20(s0)
80000b48:	004007b7          	lui	a5,0x400
80000b4c:	00f707b3          	add	a5,a4,a5
80000b50:	fef42623          	sw	a5,-20(s0)
80000b54:	fec42703          	lw	a4,-20(s0)
80000b58:	806007b7          	lui	a5,0x80600
80000b5c:	fcf76ae3          	bltu	a4,a5,80000b30 <pagetable_identity_map+0xac>
80000b60:	800087b7          	lui	a5,0x80008
80000b64:	5647a783          	lw	a5,1380(a5) # 80008564 <earth>
80000b68:	0307a703          	lw	a4,48(a5)
80000b6c:	00100793          	li	a5,1
80000b70:	00f71663          	bne	a4,a5,80000b7c <pagetable_identity_map+0xf8>
80000b74:	410007b7          	lui	a5,0x41000
80000b78:	0080006f          	j	80000b80 <pagetable_identity_map+0xfc>
80000b7c:	f00027b7          	lui	a5,0xf0002
80000b80:	0df00693          	li	a3,223
80000b84:	00400613          	li	a2,4
80000b88:	00078593          	mv	a1,a5
80000b8c:	fdc42503          	lw	a0,-36(s0)
80000b90:	d5dff0ef          	jal	800008ec <setup_identity_region>
80000b94:	800087b7          	lui	a5,0x80008
80000b98:	5647a783          	lw	a5,1380(a5) # 80008564 <earth>
80000b9c:	0307a703          	lw	a4,48(a5)
80000ba0:	00100793          	li	a5,1
80000ba4:	00f71663          	bne	a4,a5,80000bb0 <pagetable_identity_map+0x12c>
80000ba8:	100007b7          	lui	a5,0x10000
80000bac:	0080006f          	j	80000bb4 <pagetable_identity_map+0x130>
80000bb0:	f00017b7          	lui	a5,0xf0001
80000bb4:	0df00693          	li	a3,223
80000bb8:	00100613          	li	a2,1
80000bbc:	00078593          	mv	a1,a5
80000bc0:	fdc42503          	lw	a0,-36(s0)
80000bc4:	d29ff0ef          	jal	800008ec <setup_identity_region>
80000bc8:	800087b7          	lui	a5,0x80008
80000bcc:	5647a783          	lw	a5,1380(a5) # 80008564 <earth>
80000bd0:	0307a703          	lw	a4,48(a5)
80000bd4:	00100793          	li	a5,1
80000bd8:	00f71663          	bne	a4,a5,80000be4 <pagetable_identity_map+0x160>
80000bdc:	020007b7          	lui	a5,0x2000
80000be0:	0080006f          	j	80000be8 <pagetable_identity_map+0x164>
80000be4:	f00107b7          	lui	a5,0xf0010
80000be8:	0df00693          	li	a3,223
80000bec:	01000613          	li	a2,16
80000bf0:	00078593          	mv	a1,a5
80000bf4:	fdc42503          	lw	a0,-36(s0)
80000bf8:	cf5ff0ef          	jal	800008ec <setup_identity_region>
80000bfc:	800087b7          	lui	a5,0x80008
80000c00:	5647a783          	lw	a5,1380(a5) # 80008564 <earth>
80000c04:	0307a703          	lw	a4,48(a5)
80000c08:	00100793          	li	a5,1
80000c0c:	00f71663          	bne	a4,a5,80000c18 <pagetable_identity_map+0x194>
80000c10:	220007b7          	lui	a5,0x22000
80000c14:	0080006f          	j	80000c1c <pagetable_identity_map+0x198>
80000c18:	204007b7          	lui	a5,0x20400
80000c1c:	0df00693          	li	a3,223
80000c20:	40000613          	li	a2,1024
80000c24:	00078593          	mv	a1,a5
80000c28:	fdc42503          	lw	a0,-36(s0)
80000c2c:	cc1ff0ef          	jal	800008ec <setup_identity_region>
80000c30:	800087b7          	lui	a5,0x80008
80000c34:	5647a783          	lw	a5,1380(a5) # 80008564 <earth>
80000c38:	0307a703          	lw	a4,48(a5)
80000c3c:	00100793          	li	a5,1
80000c40:	00f71663          	bne	a4,a5,80000c4c <pagetable_identity_map+0x1c8>
80000c44:	420007b7          	lui	a5,0x42000
80000c48:	0080006f          	j	80000c50 <pagetable_identity_map+0x1cc>
80000c4c:	806007b7          	lui	a5,0x80600
80000c50:	0df00693          	li	a3,223
80000c54:	20000613          	li	a2,512
80000c58:	00078593          	mv	a1,a5
80000c5c:	fdc42503          	lw	a0,-36(s0)
80000c60:	c8dff0ef          	jal	800008ec <setup_identity_region>
80000c64:	800087b7          	lui	a5,0x80008
80000c68:	5647a783          	lw	a5,1380(a5) # 80008564 <earth>
80000c6c:	0307a703          	lw	a4,48(a5)
80000c70:	00100793          	li	a5,1
80000c74:	02f71863          	bne	a4,a5,80000ca4 <pagetable_identity_map+0x220>
80000c78:	0df00693          	li	a3,223
80000c7c:	00100613          	li	a2,1
80000c80:	400005b7          	lui	a1,0x40000
80000c84:	fdc42503          	lw	a0,-36(s0)
80000c88:	c65ff0ef          	jal	800008ec <setup_identity_region>
80000c8c:	0df00693          	li	a3,223
80000c90:	00100613          	li	a2,1
80000c94:	300185b7          	lui	a1,0x30018
80000c98:	fdc42503          	lw	a0,-36(s0)
80000c9c:	c51ff0ef          	jal	800008ec <setup_identity_region>
80000ca0:	0440006f          	j	80000ce4 <pagetable_identity_map+0x260>
80000ca4:	0df00693          	li	a3,223
80000ca8:	00100613          	li	a2,1
80000cac:	f00097b7          	lui	a5,0xf0009
80000cb0:	80078593          	addi	a1,a5,-2048 # f0008800 <__heap_end+0x6ff08800>
80000cb4:	fdc42503          	lw	a0,-36(s0)
80000cb8:	c35ff0ef          	jal	800008ec <setup_identity_region>
80000cbc:	0df00693          	li	a3,223
80000cc0:	00100613          	li	a2,1
80000cc4:	900015b7          	lui	a1,0x90001
80000cc8:	fdc42503          	lw	a0,-36(s0)
80000ccc:	c21ff0ef          	jal	800008ec <setup_identity_region>
80000cd0:	0df00693          	li	a3,223
80000cd4:	00100613          	li	a2,1
80000cd8:	900005b7          	lui	a1,0x90000
80000cdc:	fdc42503          	lw	a0,-36(s0)
80000ce0:	c0dff0ef          	jal	800008ec <setup_identity_region>
80000ce4:	00000013          	nop
80000ce8:	02c12083          	lw	ra,44(sp)
80000cec:	02812403          	lw	s0,40(sp)
80000cf0:	03010113          	addi	sp,sp,48
80000cf4:	00008067          	ret

80000cf8 <page_table_map>:
page_table_map():
80000cf8:	fe010113          	addi	sp,sp,-32
80000cfc:	00112e23          	sw	ra,28(sp)
80000d00:	00812c23          	sw	s0,24(sp)
80000d04:	02010413          	addi	s0,sp,32
80000d08:	fea42623          	sw	a0,-20(s0)
80000d0c:	feb42423          	sw	a1,-24(s0)
80000d10:	fec42223          	sw	a2,-28(s0)
80000d14:	fec42703          	lw	a4,-20(s0)
80000d18:	0ff00793          	li	a5,255
80000d1c:	00e7d863          	bge	a5,a4,80000d2c <page_table_map+0x34>
80000d20:	800087b7          	lui	a5,0x80008
80000d24:	12078513          	addi	a0,a5,288 # 80008120 <__modsi3+0x3c70>
80000d28:	365020ef          	jal	8000388c <FATAL>
80000d2c:	fe442603          	lw	a2,-28(s0)
80000d30:	fe842583          	lw	a1,-24(s0)
80000d34:	fec42503          	lw	a0,-20(s0)
80000d38:	939ff0ef          	jal	80000670 <soft_tlb_map>
80000d3c:	00000013          	nop
80000d40:	01c12083          	lw	ra,28(sp)
80000d44:	01812403          	lw	s0,24(sp)
80000d48:	02010113          	addi	sp,sp,32
80000d4c:	00008067          	ret

80000d50 <page_table_switch>:
page_table_switch():
80000d50:	fe010113          	addi	sp,sp,-32
80000d54:	00112e23          	sw	ra,28(sp)
80000d58:	00812c23          	sw	s0,24(sp)
80000d5c:	02010413          	addi	s0,sp,32
80000d60:	fea42623          	sw	a0,-20(s0)
80000d64:	fec42503          	lw	a0,-20(s0)
80000d68:	989ff0ef          	jal	800006f0 <soft_tlb_switch>
80000d6c:	00000013          	nop
80000d70:	01c12083          	lw	ra,28(sp)
80000d74:	01812403          	lw	s0,24(sp)
80000d78:	02010113          	addi	sp,sp,32
80000d7c:	00008067          	ret

80000d80 <page_table_translate>:
page_table_translate():
80000d80:	fe010113          	addi	sp,sp,-32
80000d84:	00112e23          	sw	ra,28(sp)
80000d88:	00812c23          	sw	s0,24(sp)
80000d8c:	02010413          	addi	s0,sp,32
80000d90:	fea42623          	sw	a0,-20(s0)
80000d94:	feb42423          	sw	a1,-24(s0)
80000d98:	fe842583          	lw	a1,-24(s0)
80000d9c:	fec42503          	lw	a0,-20(s0)
80000da0:	b15ff0ef          	jal	800008b4 <soft_tlb_translate>
80000da4:	00050793          	mv	a5,a0
80000da8:	00078513          	mv	a0,a5
80000dac:	01c12083          	lw	ra,28(sp)
80000db0:	01812403          	lw	s0,24(sp)
80000db4:	02010113          	addi	sp,sp,32
80000db8:	00008067          	ret

80000dbc <flush_cache>:
flush_cache():
80000dbc:	ff010113          	addi	sp,sp,-16
80000dc0:	00112623          	sw	ra,12(sp)
80000dc4:	00812423          	sw	s0,8(sp)
80000dc8:	01010413          	addi	s0,sp,16
80000dcc:	800087b7          	lui	a5,0x80008
80000dd0:	5647a783          	lw	a5,1380(a5) # 80008564 <earth>
80000dd4:	0307a783          	lw	a5,48(a5)
80000dd8:	00079e63          	bnez	a5,80000df4 <flush_cache+0x38>
80000ddc:	0000100f          	.word	0x0000100f
80000de0:	00000013          	nop
80000de4:	00000013          	nop
80000de8:	00000013          	nop
80000dec:	00000013          	nop
80000df0:	00000013          	nop
80000df4:	800087b7          	lui	a5,0x80008
80000df8:	5647a783          	lw	a5,1380(a5) # 80008564 <earth>
80000dfc:	0347a783          	lw	a5,52(a5)
80000e00:	00079463          	bnez	a5,80000e08 <flush_cache+0x4c>
80000e04:	12000073          	sfence.vma
80000e08:	00000013          	nop
80000e0c:	00c12083          	lw	ra,12(sp)
80000e10:	00812403          	lw	s0,8(sp)
80000e14:	01010113          	addi	sp,sp,16
80000e18:	00008067          	ret

80000e1c <mmu_init>:
mmu_init():
80000e1c:	fe010113          	addi	sp,sp,-32
80000e20:	00112e23          	sw	ra,28(sp)
80000e24:	00812c23          	sw	s0,24(sp)
80000e28:	02010413          	addi	s0,sp,32
80000e2c:	800087b7          	lui	a5,0x80008
80000e30:	5647a783          	lw	a5,1380(a5) # 80008564 <earth>
80000e34:	80000737          	lui	a4,0x80000
80000e38:	5a070713          	addi	a4,a4,1440 # 800005a0 <mmu_free>
80000e3c:	00e7a223          	sw	a4,4(a5)
80000e40:	800087b7          	lui	a5,0x80008
80000e44:	5647a783          	lw	a5,1380(a5) # 80008564 <earth>
80000e48:	80000737          	lui	a4,0x80000
80000e4c:	4f870713          	addi	a4,a4,1272 # 800004f8 <mmu_alloc>
80000e50:	00e7a023          	sw	a4,0(a5)
80000e54:	800087b7          	lui	a5,0x80008
80000e58:	5647a783          	lw	a5,1380(a5) # 80008564 <earth>
80000e5c:	80001737          	lui	a4,0x80001
80000e60:	dbc70713          	addi	a4,a4,-580 # 80000dbc <flush_cache>
80000e64:	00e7a423          	sw	a4,8(a5)
80000e68:	400007b7          	lui	a5,0x40000
80000e6c:	3b079073          	csrw	pmpaddr0,a5
80000e70:	00f00793          	li	a5,15
80000e74:	3a079073          	csrw	pmpcfg0,a5
80000e78:	800087b7          	lui	a5,0x80008
80000e7c:	14078513          	addi	a0,a5,320 # 80008140 <__modsi3+0x3c90>
80000e80:	499020ef          	jal	80003b18 <CRITICAL>
80000e84:	800087b7          	lui	a5,0x80008
80000e88:	16878513          	addi	a0,a5,360 # 80008168 <__modsi3+0x3cb8>
80000e8c:	085020ef          	jal	80003710 <my_printf>
80000e90:	fe040623          	sb	zero,-20(s0)
80000e94:	01c0006f          	j	80000eb0 <mmu_init+0x94>
80000e98:	800087b7          	lui	a5,0x80008
80000e9c:	5647a783          	lw	a5,1380(a5) # 80008564 <earth>
80000ea0:	01c7a783          	lw	a5,28(a5)
80000ea4:	fec40713          	addi	a4,s0,-20
80000ea8:	00070513          	mv	a0,a4
80000eac:	000780e7          	jalr	a5
80000eb0:	fec44703          	lbu	a4,-20(s0)
80000eb4:	03000793          	li	a5,48
80000eb8:	00f70863          	beq	a4,a5,80000ec8 <mmu_init+0xac>
80000ebc:	fec44703          	lbu	a4,-20(s0)
80000ec0:	03100793          	li	a5,49
80000ec4:	fcf71ae3          	bne	a4,a5,80000e98 <mmu_init+0x7c>
80000ec8:	fec44783          	lbu	a5,-20(s0)
80000ecc:	fd078793          	addi	a5,a5,-48
80000ed0:	00f037b3          	snez	a5,a5
80000ed4:	0ff7f713          	zext.b	a4,a5
80000ed8:	800087b7          	lui	a5,0x80008
80000edc:	5647a783          	lw	a5,1380(a5) # 80008564 <earth>
80000ee0:	02e7aa23          	sw	a4,52(a5)
80000ee4:	800087b7          	lui	a5,0x80008
80000ee8:	5647a783          	lw	a5,1380(a5) # 80008564 <earth>
80000eec:	0347a783          	lw	a5,52(a5)
80000ef0:	00079863          	bnez	a5,80000f00 <mmu_init+0xe4>
80000ef4:	800087b7          	lui	a5,0x80008
80000ef8:	19878793          	addi	a5,a5,408 # 80008198 <__modsi3+0x3ce8>
80000efc:	00c0006f          	j	80000f08 <mmu_init+0xec>
80000f00:	800087b7          	lui	a5,0x80008
80000f04:	1a478793          	addi	a5,a5,420 # 800081a4 <__modsi3+0x3cf4>
80000f08:	00078593          	mv	a1,a5
80000f0c:	800087b7          	lui	a5,0x80008
80000f10:	1b078513          	addi	a0,a5,432 # 800081b0 <__modsi3+0x3d00>
80000f14:	095020ef          	jal	800037a8 <INFO>
80000f18:	800087b7          	lui	a5,0x80008
80000f1c:	5647a783          	lw	a5,1380(a5) # 80008564 <earth>
80000f20:	0347a783          	lw	a5,52(a5)
80000f24:	06079263          	bnez	a5,80000f88 <mmu_init+0x16c>
80000f28:	00000513          	li	a0,0
80000f2c:	b59ff0ef          	jal	80000a84 <pagetable_identity_map>
80000f30:	800087b7          	lui	a5,0x80008
80000f34:	6007a783          	lw	a5,1536(a5) # 80008600 <root>
80000f38:	00c7d713          	srli	a4,a5,0xc
80000f3c:	800007b7          	lui	a5,0x80000
80000f40:	00f767b3          	or	a5,a4,a5
80000f44:	18079073          	csrw	satp,a5
80000f48:	800087b7          	lui	a5,0x80008
80000f4c:	5647a783          	lw	a5,1380(a5) # 80008564 <earth>
80000f50:	80001737          	lui	a4,0x80001
80000f54:	cf870713          	addi	a4,a4,-776 # 80000cf8 <page_table_map>
80000f58:	00e7a823          	sw	a4,16(a5)
80000f5c:	800087b7          	lui	a5,0x80008
80000f60:	5647a783          	lw	a5,1380(a5) # 80008564 <earth>
80000f64:	80001737          	lui	a4,0x80001
80000f68:	d5070713          	addi	a4,a4,-688 # 80000d50 <page_table_switch>
80000f6c:	00e7ac23          	sw	a4,24(a5)
80000f70:	800087b7          	lui	a5,0x80008
80000f74:	5647a783          	lw	a5,1380(a5) # 80008564 <earth>
80000f78:	80001737          	lui	a4,0x80001
80000f7c:	d8070713          	addi	a4,a4,-640 # 80000d80 <page_table_translate>
80000f80:	00e7aa23          	sw	a4,20(a5)
80000f84:	0400006f          	j	80000fc4 <mmu_init+0x1a8>
80000f88:	800087b7          	lui	a5,0x80008
80000f8c:	5647a783          	lw	a5,1380(a5) # 80008564 <earth>
80000f90:	80000737          	lui	a4,0x80000
80000f94:	67070713          	addi	a4,a4,1648 # 80000670 <soft_tlb_map>
80000f98:	00e7a823          	sw	a4,16(a5)
80000f9c:	800087b7          	lui	a5,0x80008
80000fa0:	5647a783          	lw	a5,1380(a5) # 80008564 <earth>
80000fa4:	80000737          	lui	a4,0x80000
80000fa8:	6f070713          	addi	a4,a4,1776 # 800006f0 <soft_tlb_switch>
80000fac:	00e7ac23          	sw	a4,24(a5)
80000fb0:	800087b7          	lui	a5,0x80008
80000fb4:	5647a783          	lw	a5,1380(a5) # 80008564 <earth>
80000fb8:	80001737          	lui	a4,0x80001
80000fbc:	8b470713          	addi	a4,a4,-1868 # 800008b4 <soft_tlb_translate>
80000fc0:	00e7aa23          	sw	a4,20(a5)
80000fc4:	00000013          	nop
80000fc8:	01c12083          	lw	ra,28(sp)
80000fcc:	01812403          	lw	s0,24(sp)
80000fd0:	02010113          	addi	sp,sp,32
80000fd4:	00008067          	ret

80000fd8 <sdhci_exec_cmd>:
sdhci_exec_cmd():
80000fd8:	fe010113          	addi	sp,sp,-32
80000fdc:	00112e23          	sw	ra,28(sp)
80000fe0:	00812c23          	sw	s0,24(sp)
80000fe4:	02010413          	addi	s0,sp,32
80000fe8:	fea42623          	sw	a0,-20(s0)
80000fec:	feb42423          	sw	a1,-24(s0)
80000ff0:	00060793          	mv	a5,a2
80000ff4:	fed42023          	sw	a3,-32(s0)
80000ff8:	fef403a3          	sb	a5,-25(s0)
80000ffc:	00000013          	nop
80001000:	400007b7          	lui	a5,0x40000
80001004:	02478793          	addi	a5,a5,36 # 40000024 <boot_loader-0x3fffffdc>
80001008:	0007a783          	lw	a5,0(a5)
8000100c:	0037f793          	andi	a5,a5,3
80001010:	fe0798e3          	bnez	a5,80001000 <sdhci_exec_cmd+0x28>
80001014:	400007b7          	lui	a5,0x40000
80001018:	03078793          	addi	a5,a5,48 # 40000030 <boot_loader-0x3fffffd0>
8000101c:	fff00713          	li	a4,-1
80001020:	00e7a023          	sw	a4,0(a5)
80001024:	400007b7          	lui	a5,0x40000
80001028:	00878793          	addi	a5,a5,8 # 40000008 <boot_loader-0x3ffffff8>
8000102c:	fe842703          	lw	a4,-24(s0)
80001030:	00e7a023          	sw	a4,0(a5)
80001034:	fec42783          	lw	a5,-20(s0)
80001038:	00879713          	slli	a4,a5,0x8
8000103c:	fe744783          	lbu	a5,-25(s0)
80001040:	00f767b3          	or	a5,a4,a5
80001044:	01079693          	slli	a3,a5,0x10
80001048:	400007b7          	lui	a5,0x40000
8000104c:	00c78793          	addi	a5,a5,12 # 4000000c <boot_loader-0x3ffffff4>
80001050:	fe042703          	lw	a4,-32(s0)
80001054:	00e6e733          	or	a4,a3,a4
80001058:	00e7a023          	sw	a4,0(a5)
8000105c:	00000013          	nop
80001060:	400007b7          	lui	a5,0x40000
80001064:	03078793          	addi	a5,a5,48 # 40000030 <boot_loader-0x3fffffd0>
80001068:	0007a783          	lw	a5,0(a5)
8000106c:	0017f793          	andi	a5,a5,1
80001070:	fe0788e3          	beqz	a5,80001060 <sdhci_exec_cmd+0x88>
80001074:	00000013          	nop
80001078:	00078513          	mv	a0,a5
8000107c:	01c12083          	lw	ra,28(sp)
80001080:	01812403          	lw	s0,24(sp)
80001084:	02010113          	addi	sp,sp,32
80001088:	00008067          	ret

8000108c <sdhci_read>:
sdhci_read():
8000108c:	fe010113          	addi	sp,sp,-32
80001090:	00112e23          	sw	ra,28(sp)
80001094:	00812c23          	sw	s0,24(sp)
80001098:	02010413          	addi	s0,sp,32
8000109c:	fea42623          	sw	a0,-20(s0)
800010a0:	feb42423          	sw	a1,-24(s0)
800010a4:	400007b7          	lui	a5,0x40000
800010a8:	8000a737          	lui	a4,0x8000a
800010ac:	40070713          	addi	a4,a4,1024 # 8000a400 <aligned_buf.0>
800010b0:	00e7a023          	sw	a4,0(a5) # 40000000 <boot_loader-0x40000000>
800010b4:	400007b7          	lui	a5,0x40000
800010b8:	00478793          	addi	a5,a5,4 # 40000004 <boot_loader-0x3ffffffc>
800010bc:	00010737          	lui	a4,0x10
800010c0:	20070713          	addi	a4,a4,512 # 10200 <boot_loader-0x7ffefe00>
800010c4:	00e7a023          	sw	a4,0(a5)
800010c8:	fec42783          	lw	a5,-20(s0)
800010cc:	00979793          	slli	a5,a5,0x9
800010d0:	fef42623          	sw	a5,-20(s0)
800010d4:	01100693          	li	a3,17
800010d8:	02000613          	li	a2,32
800010dc:	fec42583          	lw	a1,-20(s0)
800010e0:	01100513          	li	a0,17
800010e4:	ef5ff0ef          	jal	80000fd8 <sdhci_exec_cmd>
800010e8:	fe842703          	lw	a4,-24(s0)
800010ec:	8000a7b7          	lui	a5,0x8000a
800010f0:	00070693          	mv	a3,a4
800010f4:	40078793          	addi	a5,a5,1024 # 8000a400 <aligned_buf.0>
800010f8:	20000713          	li	a4,512
800010fc:	00070613          	mv	a2,a4
80001100:	00078593          	mv	a1,a5
80001104:	00068513          	mv	a0,a3
80001108:	0cc030ef          	jal	800041d4 <memcpy>
8000110c:	00000013          	nop
80001110:	01c12083          	lw	ra,28(sp)
80001114:	01812403          	lw	s0,24(sp)
80001118:	02010113          	addi	sp,sp,32
8000111c:	00008067          	ret

80001120 <sdhci_init>:
sdhci_init():
80001120:	ff010113          	addi	sp,sp,-16
80001124:	00112623          	sw	ra,12(sp)
80001128:	00812423          	sw	s0,8(sp)
8000112c:	01010413          	addi	s0,sp,16
80001130:	300087b7          	lui	a5,0x30008
80001134:	00478793          	addi	a5,a5,4 # 30008004 <boot_loader-0x4fff7ffc>
80001138:	00600713          	li	a4,6
8000113c:	00e7a023          	sw	a4,0(a5)
80001140:	300087b7          	lui	a5,0x30008
80001144:	01078793          	addi	a5,a5,16 # 30008010 <boot_loader-0x4fff7ff0>
80001148:	40000737          	lui	a4,0x40000
8000114c:	00e7a023          	sw	a4,0(a5)
80001150:	400007b7          	lui	a5,0x40000
80001154:	02f78793          	addi	a5,a5,47 # 4000002f <boot_loader-0x3fffffd1>
80001158:	00100713          	li	a4,1
8000115c:	00e78023          	sb	a4,0(a5)
80001160:	00000013          	nop
80001164:	400007b7          	lui	a5,0x40000
80001168:	02f78793          	addi	a5,a5,47 # 4000002f <boot_loader-0x3fffffd1>
8000116c:	0007c783          	lbu	a5,0(a5)
80001170:	0ff7f793          	zext.b	a5,a5
80001174:	0017f793          	andi	a5,a5,1
80001178:	fe0796e3          	bnez	a5,80001164 <sdhci_init+0x44>
8000117c:	400007b7          	lui	a5,0x40000
80001180:	02c78793          	addi	a5,a5,44 # 4000002c <boot_loader-0x3fffffd4>
80001184:	00500713          	li	a4,5
80001188:	00e78023          	sb	a4,0(a5)
8000118c:	400007b7          	lui	a5,0x40000
80001190:	03878793          	addi	a5,a5,56 # 40000038 <boot_loader-0x3fffffc8>
80001194:	0007a023          	sw	zero,0(a5)
80001198:	400007b7          	lui	a5,0x40000
8000119c:	03478793          	addi	a5,a5,52 # 40000034 <boot_loader-0x3fffffcc>
800011a0:	027f0737          	lui	a4,0x27f0
800011a4:	03b70713          	addi	a4,a4,59 # 27f003b <boot_loader-0x7d80ffc5>
800011a8:	00e7a023          	sw	a4,0(a5)
800011ac:	00000693          	li	a3,0
800011b0:	00000613          	li	a2,0
800011b4:	00000593          	li	a1,0
800011b8:	03700513          	li	a0,55
800011bc:	e1dff0ef          	jal	80000fd8 <sdhci_exec_cmd>
800011c0:	00000693          	li	a3,0
800011c4:	00000613          	li	a2,0
800011c8:	0fff05b7          	lui	a1,0xfff0
800011cc:	02900513          	li	a0,41
800011d0:	e09ff0ef          	jal	80000fd8 <sdhci_exec_cmd>
800011d4:	00000693          	li	a3,0
800011d8:	00000613          	li	a2,0
800011dc:	00000593          	li	a1,0
800011e0:	00200513          	li	a0,2
800011e4:	df5ff0ef          	jal	80000fd8 <sdhci_exec_cmd>
800011e8:	00000693          	li	a3,0
800011ec:	00200613          	li	a2,2
800011f0:	00000593          	li	a1,0
800011f4:	00300513          	li	a0,3
800011f8:	de1ff0ef          	jal	80000fd8 <sdhci_exec_cmd>
800011fc:	400007b7          	lui	a5,0x40000
80001200:	01078793          	addi	a5,a5,16 # 40000010 <boot_loader-0x3ffffff0>
80001204:	0007a783          	lw	a5,0(a5)
80001208:	00000693          	li	a3,0
8000120c:	00000613          	li	a2,0
80001210:	00078593          	mv	a1,a5
80001214:	00700513          	li	a0,7
80001218:	dc1ff0ef          	jal	80000fd8 <sdhci_exec_cmd>
8000121c:	00000013          	nop
80001220:	00078513          	mv	a0,a5
80001224:	00c12083          	lw	ra,12(sp)
80001228:	00812403          	lw	s0,8(sp)
8000122c:	01010113          	addi	sp,sp,16
80001230:	00008067          	ret

80001234 <spi_exchange>:
spi_exchange():
80001234:	fe010113          	addi	sp,sp,-32
80001238:	00112e23          	sw	ra,28(sp)
8000123c:	00812c23          	sw	s0,24(sp)
80001240:	02010413          	addi	s0,sp,32
80001244:	00050793          	mv	a5,a0
80001248:	fef407a3          	sb	a5,-17(s0)
8000124c:	f00097b7          	lui	a5,0xf0009
80001250:	80878793          	addi	a5,a5,-2040 # f0008808 <__heap_end+0x6ff08808>
80001254:	fef44703          	lbu	a4,-17(s0)
80001258:	00e7a023          	sw	a4,0(a5)
8000125c:	f00097b7          	lui	a5,0xf0009
80001260:	80078793          	addi	a5,a5,-2048 # f0008800 <__heap_end+0x6ff08800>
80001264:	00001737          	lui	a4,0x1
80001268:	80170713          	addi	a4,a4,-2047 # 801 <boot_loader-0x7ffff7ff>
8000126c:	00e7a023          	sw	a4,0(a5)
80001270:	00000013          	nop
80001274:	f00097b7          	lui	a5,0xf0009
80001278:	80478793          	addi	a5,a5,-2044 # f0008804 <__heap_end+0x6ff08804>
8000127c:	0007a783          	lw	a5,0(a5)
80001280:	0017f713          	andi	a4,a5,1
80001284:	00100793          	li	a5,1
80001288:	fef716e3          	bne	a4,a5,80001274 <spi_exchange+0x40>
8000128c:	f00097b7          	lui	a5,0xf0009
80001290:	80c78793          	addi	a5,a5,-2036 # f000880c <__heap_end+0x6ff0880c>
80001294:	0007a783          	lw	a5,0(a5)
80001298:	0ff7f793          	zext.b	a5,a5
8000129c:	00078513          	mv	a0,a5
800012a0:	01c12083          	lw	ra,28(sp)
800012a4:	01812403          	lw	s0,24(sp)
800012a8:	02010113          	addi	sp,sp,32
800012ac:	00008067          	ret

800012b0 <sdspi_exec_cmd>:
sdspi_exec_cmd():
800012b0:	fd010113          	addi	sp,sp,-48
800012b4:	02112623          	sw	ra,44(sp)
800012b8:	02812423          	sw	s0,40(sp)
800012bc:	03010413          	addi	s0,sp,48
800012c0:	fca42e23          	sw	a0,-36(s0)
800012c4:	fe042623          	sw	zero,-20(s0)
800012c8:	0280006f          	j	800012f0 <sdspi_exec_cmd+0x40>
800012cc:	fdc42703          	lw	a4,-36(s0)
800012d0:	fec42783          	lw	a5,-20(s0)
800012d4:	00f707b3          	add	a5,a4,a5
800012d8:	0007c783          	lbu	a5,0(a5)
800012dc:	00078513          	mv	a0,a5
800012e0:	f55ff0ef          	jal	80001234 <spi_exchange>
800012e4:	fec42783          	lw	a5,-20(s0)
800012e8:	00178793          	addi	a5,a5,1
800012ec:	fef42623          	sw	a5,-20(s0)
800012f0:	fec42703          	lw	a4,-20(s0)
800012f4:	00500793          	li	a5,5
800012f8:	fce7fae3          	bgeu	a5,a4,800012cc <sdspi_exec_cmd+0x1c>
800012fc:	fe042423          	sw	zero,-24(s0)
80001300:	0380006f          	j	80001338 <sdspi_exec_cmd+0x88>
80001304:	0ff00513          	li	a0,255
80001308:	f2dff0ef          	jal	80001234 <spi_exchange>
8000130c:	00050793          	mv	a5,a0
80001310:	fef42223          	sw	a5,-28(s0)
80001314:	fe442703          	lw	a4,-28(s0)
80001318:	0ff00793          	li	a5,255
8000131c:	00f70863          	beq	a4,a5,8000132c <sdspi_exec_cmd+0x7c>
80001320:	fe442783          	lw	a5,-28(s0)
80001324:	0ff7f793          	zext.b	a5,a5
80001328:	0240006f          	j	8000134c <sdspi_exec_cmd+0x9c>
8000132c:	fe842783          	lw	a5,-24(s0)
80001330:	00178793          	addi	a5,a5,1
80001334:	fef42423          	sw	a5,-24(s0)
80001338:	fe842703          	lw	a4,-24(s0)
8000133c:	000027b7          	lui	a5,0x2
80001340:	f3f78793          	addi	a5,a5,-193 # 1f3f <boot_loader-0x7fffe0c1>
80001344:	fce7f0e3          	bgeu	a5,a4,80001304 <sdspi_exec_cmd+0x54>
80001348:	0ff00793          	li	a5,255
8000134c:	00078513          	mv	a0,a5
80001350:	02c12083          	lw	ra,44(sp)
80001354:	02812403          	lw	s0,40(sp)
80001358:	03010113          	addi	sp,sp,48
8000135c:	00008067          	ret

80001360 <sdspi_exec_acmd>:
sdspi_exec_acmd():
80001360:	fd010113          	addi	sp,sp,-48
80001364:	02112623          	sw	ra,44(sp)
80001368:	02812423          	sw	s0,40(sp)
8000136c:	03010413          	addi	s0,sp,48
80001370:	fca42e23          	sw	a0,-36(s0)
80001374:	07700793          	li	a5,119
80001378:	fef42423          	sw	a5,-24(s0)
8000137c:	f0000793          	li	a5,-256
80001380:	fef41623          	sh	a5,-20(s0)
80001384:	00000013          	nop
80001388:	0ff00513          	li	a0,255
8000138c:	ea9ff0ef          	jal	80001234 <spi_exchange>
80001390:	00050793          	mv	a5,a0
80001394:	00078713          	mv	a4,a5
80001398:	0ff00793          	li	a5,255
8000139c:	fef716e3          	bne	a4,a5,80001388 <sdspi_exec_acmd+0x28>
800013a0:	fe840793          	addi	a5,s0,-24
800013a4:	00078513          	mv	a0,a5
800013a8:	f09ff0ef          	jal	800012b0 <sdspi_exec_cmd>
800013ac:	00000013          	nop
800013b0:	0ff00513          	li	a0,255
800013b4:	e81ff0ef          	jal	80001234 <spi_exchange>
800013b8:	00050793          	mv	a5,a0
800013bc:	00078713          	mv	a4,a5
800013c0:	0ff00793          	li	a5,255
800013c4:	fef716e3          	bne	a4,a5,800013b0 <sdspi_exec_acmd+0x50>
800013c8:	fdc42503          	lw	a0,-36(s0)
800013cc:	ee5ff0ef          	jal	800012b0 <sdspi_exec_cmd>
800013d0:	00050793          	mv	a5,a0
800013d4:	00078513          	mv	a0,a5
800013d8:	02c12083          	lw	ra,44(sp)
800013dc:	02812403          	lw	s0,40(sp)
800013e0:	03010113          	addi	sp,sp,48
800013e4:	00008067          	ret

800013e8 <sdspi_read>:
sdspi_read():
800013e8:	fd010113          	addi	sp,sp,-48
800013ec:	02112623          	sw	ra,44(sp)
800013f0:	02812423          	sw	s0,40(sp)
800013f4:	02912223          	sw	s1,36(sp)
800013f8:	03010413          	addi	s0,sp,48
800013fc:	fca42e23          	sw	a0,-36(s0)
80001400:	fcb42c23          	sw	a1,-40(s0)
80001404:	00000013          	nop
80001408:	0ff00513          	li	a0,255
8000140c:	e29ff0ef          	jal	80001234 <spi_exchange>
80001410:	00050793          	mv	a5,a0
80001414:	00078713          	mv	a4,a5
80001418:	0ff00793          	li	a5,255
8000141c:	fef716e3          	bne	a4,a5,80001408 <sdspi_read+0x20>
80001420:	fdc40793          	addi	a5,s0,-36
80001424:	fef42423          	sw	a5,-24(s0)
80001428:	05100793          	li	a5,81
8000142c:	fef40023          	sb	a5,-32(s0)
80001430:	fe842783          	lw	a5,-24(s0)
80001434:	0037c783          	lbu	a5,3(a5)
80001438:	fef400a3          	sb	a5,-31(s0)
8000143c:	fe842783          	lw	a5,-24(s0)
80001440:	0027c783          	lbu	a5,2(a5)
80001444:	fef40123          	sb	a5,-30(s0)
80001448:	fe842783          	lw	a5,-24(s0)
8000144c:	0017c783          	lbu	a5,1(a5)
80001450:	fef401a3          	sb	a5,-29(s0)
80001454:	fe842783          	lw	a5,-24(s0)
80001458:	0007c783          	lbu	a5,0(a5)
8000145c:	fef40223          	sb	a5,-28(s0)
80001460:	fff00793          	li	a5,-1
80001464:	fef402a3          	sb	a5,-27(s0)
80001468:	fe040793          	addi	a5,s0,-32
8000146c:	00078513          	mv	a0,a5
80001470:	e41ff0ef          	jal	800012b0 <sdspi_exec_cmd>
80001474:	00050793          	mv	a5,a0
80001478:	fef403a3          	sb	a5,-25(s0)
8000147c:	fe744783          	lbu	a5,-25(s0)
80001480:	00078c63          	beqz	a5,80001498 <sdspi_read+0xb0>
80001484:	fe744783          	lbu	a5,-25(s0)
80001488:	00078593          	mv	a1,a5
8000148c:	800087b7          	lui	a5,0x80008
80001490:	1cc78513          	addi	a0,a5,460 # 800081cc <__modsi3+0x3d1c>
80001494:	3f8020ef          	jal	8000388c <FATAL>
80001498:	00000013          	nop
8000149c:	0ff00513          	li	a0,255
800014a0:	d95ff0ef          	jal	80001234 <spi_exchange>
800014a4:	00050793          	mv	a5,a0
800014a8:	00078713          	mv	a4,a5
800014ac:	0fe00793          	li	a5,254
800014b0:	fef716e3          	bne	a4,a5,8000149c <sdspi_read+0xb4>
800014b4:	fe042623          	sw	zero,-20(s0)
800014b8:	02c0006f          	j	800014e4 <sdspi_read+0xfc>
800014bc:	fd842703          	lw	a4,-40(s0)
800014c0:	fec42783          	lw	a5,-20(s0)
800014c4:	00f704b3          	add	s1,a4,a5
800014c8:	0ff00513          	li	a0,255
800014cc:	d69ff0ef          	jal	80001234 <spi_exchange>
800014d0:	00050793          	mv	a5,a0
800014d4:	00f48023          	sb	a5,0(s1)
800014d8:	fec42783          	lw	a5,-20(s0)
800014dc:	00178793          	addi	a5,a5,1
800014e0:	fef42623          	sw	a5,-20(s0)
800014e4:	fec42703          	lw	a4,-20(s0)
800014e8:	1ff00793          	li	a5,511
800014ec:	fce7f8e3          	bgeu	a5,a4,800014bc <sdspi_read+0xd4>
800014f0:	0ff00513          	li	a0,255
800014f4:	d41ff0ef          	jal	80001234 <spi_exchange>
800014f8:	0ff00513          	li	a0,255
800014fc:	d39ff0ef          	jal	80001234 <spi_exchange>
80001500:	00000013          	nop
80001504:	02c12083          	lw	ra,44(sp)
80001508:	02812403          	lw	s0,40(sp)
8000150c:	02412483          	lw	s1,36(sp)
80001510:	03010113          	addi	sp,sp,48
80001514:	00008067          	ret

80001518 <sdspi_init>:
sdspi_init():
80001518:	fc010113          	addi	sp,sp,-64
8000151c:	02112e23          	sw	ra,60(sp)
80001520:	02812c23          	sw	s0,56(sp)
80001524:	02912a23          	sw	s1,52(sp)
80001528:	04010413          	addi	s0,sp,64
8000152c:	800087b7          	lui	a5,0x80008
80001530:	1e878513          	addi	a0,a5,488 # 800081e8 <__modsi3+0x3d38>
80001534:	274020ef          	jal	800037a8 <INFO>
80001538:	f00097b7          	lui	a5,0xf0009
8000153c:	81878793          	addi	a5,a5,-2024 # f0008818 <__heap_end+0x6ff08818>
80001540:	0fb00713          	li	a4,251
80001544:	00e7a023          	sw	a4,0(a5)
80001548:	f00097b7          	lui	a5,0xf0009
8000154c:	81078793          	addi	a5,a5,-2032 # f0008810 <__heap_end+0x6ff08810>
80001550:	0007a023          	sw	zero,0(a5)
80001554:	fe042623          	sw	zero,-20(s0)
80001558:	0180006f          	j	80001570 <sdspi_init+0x58>
8000155c:	0ff00513          	li	a0,255
80001560:	cd5ff0ef          	jal	80001234 <spi_exchange>
80001564:	fec42783          	lw	a5,-20(s0)
80001568:	00178793          	addi	a5,a5,1
8000156c:	fef42623          	sw	a5,-20(s0)
80001570:	fec42703          	lw	a4,-20(s0)
80001574:	3e700793          	li	a5,999
80001578:	fee7f2e3          	bgeu	a5,a4,8000155c <sdspi_init+0x44>
8000157c:	f00097b7          	lui	a5,0xf0009
80001580:	81078793          	addi	a5,a5,-2032 # f0008810 <__heap_end+0x6ff08810>
80001584:	00100713          	li	a4,1
80001588:	00e7a023          	sw	a4,0(a5)
8000158c:	800087b7          	lui	a5,0x80008
80001590:	21078513          	addi	a0,a5,528 # 80008210 <__modsi3+0x3d60>
80001594:	214020ef          	jal	800037a8 <INFO>
80001598:	04000793          	li	a5,64
8000159c:	fcf42e23          	sw	a5,-36(s0)
800015a0:	ffff97b7          	lui	a5,0xffff9
800015a4:	50078793          	addi	a5,a5,1280 # ffff9500 <__heap_end+0x7fef9500>
800015a8:	fef41023          	sh	a5,-32(s0)
800015ac:	fdc40793          	addi	a5,s0,-36
800015b0:	00078513          	mv	a0,a5
800015b4:	cfdff0ef          	jal	800012b0 <sdspi_exec_cmd>
800015b8:	00050793          	mv	a5,a0
800015bc:	fef405a3          	sb	a5,-21(s0)
800015c0:	feb44703          	lbu	a4,-21(s0)
800015c4:	0ff00793          	li	a5,255
800015c8:	00f71e63          	bne	a4,a5,800015e4 <sdspi_init+0xcc>
800015cc:	fff00793          	li	a5,-1
800015d0:	18c0006f          	j	8000175c <sdspi_init+0x244>
800015d4:	0ff00513          	li	a0,255
800015d8:	c5dff0ef          	jal	80001234 <spi_exchange>
800015dc:	00050793          	mv	a5,a0
800015e0:	fef405a3          	sb	a5,-21(s0)
800015e4:	feb44703          	lbu	a4,-21(s0)
800015e8:	00100793          	li	a5,1
800015ec:	fef714e3          	bne	a4,a5,800015d4 <sdspi_init+0xbc>
800015f0:	00000013          	nop
800015f4:	0ff00513          	li	a0,255
800015f8:	c3dff0ef          	jal	80001234 <spi_exchange>
800015fc:	00050793          	mv	a5,a0
80001600:	00078713          	mv	a4,a5
80001604:	0ff00793          	li	a5,255
80001608:	fef716e3          	bne	a4,a5,800015f4 <sdspi_init+0xdc>
8000160c:	800087b7          	lui	a5,0x80008
80001610:	24078513          	addi	a0,a5,576 # 80008240 <__modsi3+0x3d90>
80001614:	194020ef          	jal	800037a8 <INFO>
80001618:	010007b7          	lui	a5,0x1000
8000161c:	04878793          	addi	a5,a5,72 # 1000048 <boot_loader-0x7effffb8>
80001620:	fcf42a23          	sw	a5,-44(s0)
80001624:	ffff87b7          	lui	a5,0xffff8
80001628:	7aa78793          	addi	a5,a5,1962 # ffff87aa <__heap_end+0x7fef87aa>
8000162c:	fcf41c23          	sh	a5,-40(s0)
80001630:	fd440793          	addi	a5,s0,-44
80001634:	00078513          	mv	a0,a5
80001638:	c79ff0ef          	jal	800012b0 <sdspi_exec_cmd>
8000163c:	00050793          	mv	a5,a0
80001640:	fef405a3          	sb	a5,-21(s0)
80001644:	feb44783          	lbu	a5,-21(s0)
80001648:	00078593          	mv	a1,a5
8000164c:	800087b7          	lui	a5,0x80008
80001650:	26c78513          	addi	a0,a5,620 # 8000826c <__modsi3+0x3dbc>
80001654:	154020ef          	jal	800037a8 <INFO>
80001658:	feb44783          	lbu	a5,-21(s0)
8000165c:	0047f793          	andi	a5,a5,4
80001660:	00078863          	beqz	a5,80001670 <sdspi_init+0x158>
80001664:	800087b7          	lui	a5,0x80008
80001668:	29078513          	addi	a0,a5,656 # 80008290 <__modsi3+0x3de0>
8000166c:	220020ef          	jal	8000388c <FATAL>
80001670:	fe042223          	sw	zero,-28(s0)
80001674:	0340006f          	j	800016a8 <sdspi_init+0x190>
80001678:	00300713          	li	a4,3
8000167c:	fe442783          	lw	a5,-28(s0)
80001680:	40f707b3          	sub	a5,a4,a5
80001684:	fd040713          	addi	a4,s0,-48
80001688:	00f704b3          	add	s1,a4,a5
8000168c:	0ff00513          	li	a0,255
80001690:	ba5ff0ef          	jal	80001234 <spi_exchange>
80001694:	00050793          	mv	a5,a0
80001698:	00f48023          	sb	a5,0(s1)
8000169c:	fe442783          	lw	a5,-28(s0)
800016a0:	00178793          	addi	a5,a5,1
800016a4:	fef42223          	sw	a5,-28(s0)
800016a8:	fe442703          	lw	a4,-28(s0)
800016ac:	00300793          	li	a5,3
800016b0:	fce7f4e3          	bgeu	a5,a4,80001678 <sdspi_init+0x160>
800016b4:	fd042703          	lw	a4,-48(s0)
800016b8:	000017b7          	lui	a5,0x1
800016bc:	fff78793          	addi	a5,a5,-1 # fff <boot_loader-0x7ffff001>
800016c0:	00f77733          	and	a4,a4,a5
800016c4:	1aa00793          	li	a5,426
800016c8:	00f70863          	beq	a4,a5,800016d8 <sdspi_init+0x1c0>
800016cc:	800087b7          	lui	a5,0x80008
800016d0:	2b878513          	addi	a0,a5,696 # 800082b8 <__modsi3+0x3e08>
800016d4:	1b8020ef          	jal	8000388c <FATAL>
800016d8:	00000013          	nop
800016dc:	0ff00513          	li	a0,255
800016e0:	b55ff0ef          	jal	80001234 <spi_exchange>
800016e4:	00050793          	mv	a5,a0
800016e8:	00078713          	mv	a4,a5
800016ec:	0ff00793          	li	a5,255
800016f0:	fef716e3          	bne	a4,a5,800016dc <sdspi_init+0x1c4>
800016f4:	000047b7          	lui	a5,0x4
800016f8:	06978793          	addi	a5,a5,105 # 4069 <boot_loader-0x7fffbf97>
800016fc:	fcf42423          	sw	a5,-56(s0)
80001700:	f0000793          	li	a5,-256
80001704:	fcf41623          	sh	a5,-52(s0)
80001708:	00000013          	nop
8000170c:	fc840793          	addi	a5,s0,-56
80001710:	00078513          	mv	a0,a5
80001714:	c4dff0ef          	jal	80001360 <sdspi_exec_acmd>
80001718:	00050793          	mv	a5,a0
8000171c:	fe0798e3          	bnez	a5,8000170c <sdspi_init+0x1f4>
80001720:	00000013          	nop
80001724:	0ff00513          	li	a0,255
80001728:	b0dff0ef          	jal	80001234 <spi_exchange>
8000172c:	00050793          	mv	a5,a0
80001730:	00078713          	mv	a4,a5
80001734:	0ff00793          	li	a5,255
80001738:	fef716e3          	bne	a4,a5,80001724 <sdspi_init+0x20c>
8000173c:	800087b7          	lui	a5,0x80008
80001740:	2d478513          	addi	a0,a5,724 # 800082d4 <__modsi3+0x3e24>
80001744:	064020ef          	jal	800037a8 <INFO>
80001748:	f00097b7          	lui	a5,0xf0009
8000174c:	81878793          	addi	a5,a5,-2024 # f0008818 <__heap_end+0x6ff08818>
80001750:	00600713          	li	a4,6
80001754:	00e7a023          	sw	a4,0(a5)
80001758:	00000793          	li	a5,0
8000175c:	00078513          	mv	a0,a5
80001760:	03c12083          	lw	ra,60(sp)
80001764:	03812403          	lw	s0,56(sp)
80001768:	03412483          	lw	s1,52(sp)
8000176c:	04010113          	addi	sp,sp,64
80001770:	00008067          	ret

80001774 <disk_read>:
disk_read():
80001774:	fd010113          	addi	sp,sp,-48
80001778:	02112623          	sw	ra,44(sp)
8000177c:	02812423          	sw	s0,40(sp)
80001780:	03010413          	addi	s0,sp,48
80001784:	fca42e23          	sw	a0,-36(s0)
80001788:	fcb42c23          	sw	a1,-40(s0)
8000178c:	fcc42a23          	sw	a2,-44(s0)
80001790:	800087b7          	lui	a5,0x80008
80001794:	6087a703          	lw	a4,1544(a5) # 80008608 <type>
80001798:	00100793          	li	a5,1
8000179c:	04f71863          	bne	a4,a5,800017ec <disk_read+0x78>
800017a0:	800087b7          	lui	a5,0x80008
800017a4:	5647a783          	lw	a5,1380(a5) # 80008564 <earth>
800017a8:	0307a703          	lw	a4,48(a5)
800017ac:	00100793          	li	a5,1
800017b0:	00f71663          	bne	a4,a5,800017bc <disk_read+0x48>
800017b4:	220007b7          	lui	a5,0x22000
800017b8:	0080006f          	j	800017c0 <disk_read+0x4c>
800017bc:	204007b7          	lui	a5,0x20400
800017c0:	fdc42703          	lw	a4,-36(s0)
800017c4:	00971713          	slli	a4,a4,0x9
800017c8:	00e787b3          	add	a5,a5,a4
800017cc:	fef42423          	sw	a5,-24(s0)
800017d0:	fd842783          	lw	a5,-40(s0)
800017d4:	00979793          	slli	a5,a5,0x9
800017d8:	00078613          	mv	a2,a5
800017dc:	fe842583          	lw	a1,-24(s0)
800017e0:	fd442503          	lw	a0,-44(s0)
800017e4:	1f1020ef          	jal	800041d4 <memcpy>
800017e8:	0880006f          	j	80001870 <disk_read+0xfc>
800017ec:	fe042623          	sw	zero,-20(s0)
800017f0:	0740006f          	j	80001864 <disk_read+0xf0>
800017f4:	800087b7          	lui	a5,0x80008
800017f8:	5647a783          	lw	a5,1380(a5) # 80008564 <earth>
800017fc:	0307a783          	lw	a5,48(a5)
80001800:	02079863          	bnez	a5,80001830 <disk_read+0xbc>
80001804:	fdc42703          	lw	a4,-36(s0)
80001808:	fec42783          	lw	a5,-20(s0)
8000180c:	00f706b3          	add	a3,a4,a5
80001810:	fec42783          	lw	a5,-20(s0)
80001814:	00979793          	slli	a5,a5,0x9
80001818:	fd442703          	lw	a4,-44(s0)
8000181c:	00f707b3          	add	a5,a4,a5
80001820:	00078593          	mv	a1,a5
80001824:	00068513          	mv	a0,a3
80001828:	bc1ff0ef          	jal	800013e8 <sdspi_read>
8000182c:	02c0006f          	j	80001858 <disk_read+0xe4>
80001830:	fdc42703          	lw	a4,-36(s0)
80001834:	fec42783          	lw	a5,-20(s0)
80001838:	00f706b3          	add	a3,a4,a5
8000183c:	fec42783          	lw	a5,-20(s0)
80001840:	00979793          	slli	a5,a5,0x9
80001844:	fd442703          	lw	a4,-44(s0)
80001848:	00f707b3          	add	a5,a4,a5
8000184c:	00078593          	mv	a1,a5
80001850:	00068513          	mv	a0,a3
80001854:	839ff0ef          	jal	8000108c <sdhci_read>
80001858:	fec42783          	lw	a5,-20(s0)
8000185c:	00178793          	addi	a5,a5,1
80001860:	fef42623          	sw	a5,-20(s0)
80001864:	fec42703          	lw	a4,-20(s0)
80001868:	fd842783          	lw	a5,-40(s0)
8000186c:	f8f764e3          	bltu	a4,a5,800017f4 <disk_read+0x80>
80001870:	02c12083          	lw	ra,44(sp)
80001874:	02812403          	lw	s0,40(sp)
80001878:	03010113          	addi	sp,sp,48
8000187c:	00008067          	ret

80001880 <disk_write>:
disk_write():
80001880:	fe010113          	addi	sp,sp,-32
80001884:	00112e23          	sw	ra,28(sp)
80001888:	00812c23          	sw	s0,24(sp)
8000188c:	02010413          	addi	s0,sp,32
80001890:	fea42623          	sw	a0,-20(s0)
80001894:	feb42423          	sw	a1,-24(s0)
80001898:	fec42223          	sw	a2,-28(s0)
8000189c:	800087b7          	lui	a5,0x80008
800018a0:	6087a703          	lw	a4,1544(a5) # 80008608 <type>
800018a4:	00100793          	li	a5,1
800018a8:	00f71863          	bne	a4,a5,800018b8 <disk_write+0x38>
800018ac:	800087b7          	lui	a5,0x80008
800018b0:	30078513          	addi	a0,a5,768 # 80008300 <__modsi3+0x3e50>
800018b4:	7d9010ef          	jal	8000388c <FATAL>
800018b8:	00000013          	nop
800018bc:	01c12083          	lw	ra,28(sp)
800018c0:	01812403          	lw	s0,24(sp)
800018c4:	02010113          	addi	sp,sp,32
800018c8:	00008067          	ret

800018cc <disk_init>:
disk_init():
800018cc:	ff010113          	addi	sp,sp,-16
800018d0:	00112623          	sw	ra,12(sp)
800018d4:	00812423          	sw	s0,8(sp)
800018d8:	01010413          	addi	s0,sp,16
800018dc:	800087b7          	lui	a5,0x80008
800018e0:	5647a783          	lw	a5,1380(a5) # 80008564 <earth>
800018e4:	80001737          	lui	a4,0x80001
800018e8:	77470713          	addi	a4,a4,1908 # 80001774 <disk_read>
800018ec:	02e7a423          	sw	a4,40(a5)
800018f0:	800087b7          	lui	a5,0x80008
800018f4:	5647a783          	lw	a5,1380(a5) # 80008564 <earth>
800018f8:	80002737          	lui	a4,0x80002
800018fc:	88070713          	addi	a4,a4,-1920 # 80001880 <disk_write>
80001900:	02e7a623          	sw	a4,44(a5)
80001904:	800087b7          	lui	a5,0x80008
80001908:	5647a783          	lw	a5,1380(a5) # 80008564 <earth>
8000190c:	0307a703          	lw	a4,48(a5)
80001910:	00100793          	li	a5,1
80001914:	00f71663          	bne	a4,a5,80001920 <disk_init+0x54>
80001918:	809ff0ef          	jal	80001120 <sdhci_init>
8000191c:	03c0006f          	j	80001958 <disk_init+0x8c>
80001920:	bf9ff0ef          	jal	80001518 <sdspi_init>
80001924:	00050793          	mv	a5,a0
80001928:	00f037b3          	snez	a5,a5
8000192c:	0ff7f793          	zext.b	a5,a5
80001930:	00078713          	mv	a4,a5
80001934:	800087b7          	lui	a5,0x80008
80001938:	60e7a423          	sw	a4,1544(a5) # 80008608 <type>
8000193c:	800087b7          	lui	a5,0x80008
80001940:	6087a703          	lw	a4,1544(a5) # 80008608 <type>
80001944:	00100793          	li	a5,1
80001948:	00f71863          	bne	a4,a5,80001958 <disk_init+0x8c>
8000194c:	800087b7          	lui	a5,0x80008
80001950:	31878513          	addi	a0,a5,792 # 80008318 <__modsi3+0x3e68>
80001954:	1c4020ef          	jal	80003b18 <CRITICAL>
80001958:	00000013          	nop
8000195c:	00c12083          	lw	ra,12(sp)
80001960:	00812403          	lw	s0,8(sp)
80001964:	01010113          	addi	sp,sp,16
80001968:	00008067          	ret

8000196c <uart_rx_empty>:
uart_rx_empty():
8000196c:	ff010113          	addi	sp,sp,-16
80001970:	00112623          	sw	ra,12(sp)
80001974:	00812423          	sw	s0,8(sp)
80001978:	01010413          	addi	s0,sp,16
8000197c:	800087b7          	lui	a5,0x80008
80001980:	5647a783          	lw	a5,1380(a5) # 80008564 <earth>
80001984:	0307a783          	lw	a5,48(a5)
80001988:	02079a63          	bnez	a5,800019bc <uart_rx_empty+0x50>
8000198c:	800087b7          	lui	a5,0x80008
80001990:	5647a783          	lw	a5,1380(a5) # 80008564 <earth>
80001994:	0307a703          	lw	a4,48(a5)
80001998:	00100793          	li	a5,1
8000199c:	00f71863          	bne	a4,a5,800019ac <uart_rx_empty+0x40>
800019a0:	100007b7          	lui	a5,0x10000
800019a4:	00878793          	addi	a5,a5,8 # 10000008 <boot_loader-0x6ffffff8>
800019a8:	00c0006f          	j	800019b4 <uart_rx_empty+0x48>
800019ac:	f00017b7          	lui	a5,0xf0001
800019b0:	00878793          	addi	a5,a5,8 # f0001008 <__heap_end+0x6ff01008>
800019b4:	0007a783          	lw	a5,0(a5)
800019b8:	0400006f          	j	800019f8 <uart_rx_empty+0x8c>
800019bc:	800087b7          	lui	a5,0x80008
800019c0:	5647a783          	lw	a5,1380(a5) # 80008564 <earth>
800019c4:	0307a703          	lw	a4,48(a5)
800019c8:	00100793          	li	a5,1
800019cc:	00f71863          	bne	a4,a5,800019dc <uart_rx_empty+0x70>
800019d0:	100007b7          	lui	a5,0x10000
800019d4:	00578793          	addi	a5,a5,5 # 10000005 <boot_loader-0x6ffffffb>
800019d8:	00c0006f          	j	800019e4 <uart_rx_empty+0x78>
800019dc:	f00017b7          	lui	a5,0xf0001
800019e0:	00578793          	addi	a5,a5,5 # f0001005 <__heap_end+0x6ff01005>
800019e4:	0007c783          	lbu	a5,0(a5)
800019e8:	0ff7f793          	zext.b	a5,a5
800019ec:	0017f793          	andi	a5,a5,1
800019f0:	0017b793          	seqz	a5,a5
800019f4:	0ff7f793          	zext.b	a5,a5
800019f8:	00078513          	mv	a0,a5
800019fc:	00c12083          	lw	ra,12(sp)
80001a00:	00812403          	lw	s0,8(sp)
80001a04:	01010113          	addi	sp,sp,16
80001a08:	00008067          	ret

80001a0c <uart_getc>:
uart_getc():
80001a0c:	fe010113          	addi	sp,sp,-32
80001a10:	00112e23          	sw	ra,28(sp)
80001a14:	00812c23          	sw	s0,24(sp)
80001a18:	02010413          	addi	s0,sp,32
80001a1c:	fea42623          	sw	a0,-20(s0)
80001a20:	800087b7          	lui	a5,0x80008
80001a24:	5647a783          	lw	a5,1380(a5) # 80008564 <earth>
80001a28:	0307a783          	lw	a5,48(a5)
80001a2c:	08079e63          	bnez	a5,80001ac8 <uart_getc+0xbc>
80001a30:	00000013          	nop
80001a34:	800087b7          	lui	a5,0x80008
80001a38:	5647a783          	lw	a5,1380(a5) # 80008564 <earth>
80001a3c:	0307a703          	lw	a4,48(a5)
80001a40:	00100793          	li	a5,1
80001a44:	00f71863          	bne	a4,a5,80001a54 <uart_getc+0x48>
80001a48:	100007b7          	lui	a5,0x10000
80001a4c:	00878793          	addi	a5,a5,8 # 10000008 <boot_loader-0x6ffffff8>
80001a50:	00c0006f          	j	80001a5c <uart_getc+0x50>
80001a54:	f00017b7          	lui	a5,0xf0001
80001a58:	00878793          	addi	a5,a5,8 # f0001008 <__heap_end+0x6ff01008>
80001a5c:	0007a783          	lw	a5,0(a5)
80001a60:	fc079ae3          	bnez	a5,80001a34 <uart_getc+0x28>
80001a64:	800087b7          	lui	a5,0x80008
80001a68:	5647a783          	lw	a5,1380(a5) # 80008564 <earth>
80001a6c:	0307a703          	lw	a4,48(a5)
80001a70:	00100793          	li	a5,1
80001a74:	00f71663          	bne	a4,a5,80001a80 <uart_getc+0x74>
80001a78:	100007b7          	lui	a5,0x10000
80001a7c:	0080006f          	j	80001a84 <uart_getc+0x78>
80001a80:	f00017b7          	lui	a5,0xf0001
80001a84:	0007a783          	lw	a5,0(a5) # f0001000 <__heap_end+0x6ff01000>
80001a88:	0ff7f713          	zext.b	a4,a5
80001a8c:	fec42783          	lw	a5,-20(s0)
80001a90:	00e78023          	sb	a4,0(a5)
80001a94:	800087b7          	lui	a5,0x80008
80001a98:	5647a783          	lw	a5,1380(a5) # 80008564 <earth>
80001a9c:	0307a703          	lw	a4,48(a5)
80001aa0:	00100793          	li	a5,1
80001aa4:	00f71863          	bne	a4,a5,80001ab4 <uart_getc+0xa8>
80001aa8:	100007b7          	lui	a5,0x10000
80001aac:	01078793          	addi	a5,a5,16 # 10000010 <boot_loader-0x6ffffff0>
80001ab0:	00c0006f          	j	80001abc <uart_getc+0xb0>
80001ab4:	f00017b7          	lui	a5,0xf0001
80001ab8:	01078793          	addi	a5,a5,16 # f0001010 <__heap_end+0x6ff01010>
80001abc:	00200713          	li	a4,2
80001ac0:	00e7a023          	sw	a4,0(a5)
80001ac4:	0700006f          	j	80001b34 <uart_getc+0x128>
80001ac8:	00000013          	nop
80001acc:	800087b7          	lui	a5,0x80008
80001ad0:	5647a783          	lw	a5,1380(a5) # 80008564 <earth>
80001ad4:	0307a703          	lw	a4,48(a5)
80001ad8:	00100793          	li	a5,1
80001adc:	00f71863          	bne	a4,a5,80001aec <uart_getc+0xe0>
80001ae0:	100007b7          	lui	a5,0x10000
80001ae4:	00578793          	addi	a5,a5,5 # 10000005 <boot_loader-0x6ffffffb>
80001ae8:	00c0006f          	j	80001af4 <uart_getc+0xe8>
80001aec:	f00017b7          	lui	a5,0xf0001
80001af0:	00578793          	addi	a5,a5,5 # f0001005 <__heap_end+0x6ff01005>
80001af4:	0007c783          	lbu	a5,0(a5)
80001af8:	0ff7f793          	zext.b	a5,a5
80001afc:	0017f793          	andi	a5,a5,1
80001b00:	fc0786e3          	beqz	a5,80001acc <uart_getc+0xc0>
80001b04:	800087b7          	lui	a5,0x80008
80001b08:	5647a783          	lw	a5,1380(a5) # 80008564 <earth>
80001b0c:	0307a703          	lw	a4,48(a5)
80001b10:	00100793          	li	a5,1
80001b14:	00f71663          	bne	a4,a5,80001b20 <uart_getc+0x114>
80001b18:	100007b7          	lui	a5,0x10000
80001b1c:	0080006f          	j	80001b24 <uart_getc+0x118>
80001b20:	f00017b7          	lui	a5,0xf0001
80001b24:	0007a783          	lw	a5,0(a5) # f0001000 <__heap_end+0x6ff01000>
80001b28:	0ff7f713          	zext.b	a4,a5
80001b2c:	fec42783          	lw	a5,-20(s0)
80001b30:	00e78023          	sb	a4,0(a5)
80001b34:	00000013          	nop
80001b38:	01c12083          	lw	ra,28(sp)
80001b3c:	01812403          	lw	s0,24(sp)
80001b40:	02010113          	addi	sp,sp,32
80001b44:	00008067          	ret

80001b48 <uart_putc>:
uart_putc():
80001b48:	fe010113          	addi	sp,sp,-32
80001b4c:	00112e23          	sw	ra,28(sp)
80001b50:	00812c23          	sw	s0,24(sp)
80001b54:	02010413          	addi	s0,sp,32
80001b58:	00050793          	mv	a5,a0
80001b5c:	fef407a3          	sb	a5,-17(s0)
80001b60:	800087b7          	lui	a5,0x80008
80001b64:	5647a783          	lw	a5,1380(a5) # 80008564 <earth>
80001b68:	0307a783          	lw	a5,48(a5)
80001b6c:	08079a63          	bnez	a5,80001c00 <uart_putc+0xb8>
80001b70:	00000013          	nop
80001b74:	800087b7          	lui	a5,0x80008
80001b78:	5647a783          	lw	a5,1380(a5) # 80008564 <earth>
80001b7c:	0307a703          	lw	a4,48(a5)
80001b80:	00100793          	li	a5,1
80001b84:	00f71863          	bne	a4,a5,80001b94 <uart_putc+0x4c>
80001b88:	100007b7          	lui	a5,0x10000
80001b8c:	00478793          	addi	a5,a5,4 # 10000004 <boot_loader-0x6ffffffc>
80001b90:	00c0006f          	j	80001b9c <uart_putc+0x54>
80001b94:	f00017b7          	lui	a5,0xf0001
80001b98:	00478793          	addi	a5,a5,4 # f0001004 <__heap_end+0x6ff01004>
80001b9c:	0007a783          	lw	a5,0(a5)
80001ba0:	fc079ae3          	bnez	a5,80001b74 <uart_putc+0x2c>
80001ba4:	800087b7          	lui	a5,0x80008
80001ba8:	5647a783          	lw	a5,1380(a5) # 80008564 <earth>
80001bac:	0307a703          	lw	a4,48(a5)
80001bb0:	00100793          	li	a5,1
80001bb4:	00f71663          	bne	a4,a5,80001bc0 <uart_putc+0x78>
80001bb8:	100007b7          	lui	a5,0x10000
80001bbc:	0080006f          	j	80001bc4 <uart_putc+0x7c>
80001bc0:	f00017b7          	lui	a5,0xf0001
80001bc4:	fef44703          	lbu	a4,-17(s0)
80001bc8:	00e7a023          	sw	a4,0(a5) # f0001000 <__heap_end+0x6ff01000>
80001bcc:	800087b7          	lui	a5,0x80008
80001bd0:	5647a783          	lw	a5,1380(a5) # 80008564 <earth>
80001bd4:	0307a703          	lw	a4,48(a5)
80001bd8:	00100793          	li	a5,1
80001bdc:	00f71863          	bne	a4,a5,80001bec <uart_putc+0xa4>
80001be0:	100007b7          	lui	a5,0x10000
80001be4:	01078793          	addi	a5,a5,16 # 10000010 <boot_loader-0x6ffffff0>
80001be8:	00c0006f          	j	80001bf4 <uart_putc+0xac>
80001bec:	f00017b7          	lui	a5,0xf0001
80001bf0:	01078793          	addi	a5,a5,16 # f0001010 <__heap_end+0x6ff01010>
80001bf4:	00100713          	li	a4,1
80001bf8:	00e7a023          	sw	a4,0(a5)
80001bfc:	0680006f          	j	80001c64 <uart_putc+0x11c>
80001c00:	00000013          	nop
80001c04:	800087b7          	lui	a5,0x80008
80001c08:	5647a783          	lw	a5,1380(a5) # 80008564 <earth>
80001c0c:	0307a703          	lw	a4,48(a5)
80001c10:	00100793          	li	a5,1
80001c14:	00f71863          	bne	a4,a5,80001c24 <uart_putc+0xdc>
80001c18:	100007b7          	lui	a5,0x10000
80001c1c:	00578793          	addi	a5,a5,5 # 10000005 <boot_loader-0x6ffffffb>
80001c20:	00c0006f          	j	80001c2c <uart_putc+0xe4>
80001c24:	f00017b7          	lui	a5,0xf0001
80001c28:	00578793          	addi	a5,a5,5 # f0001005 <__heap_end+0x6ff01005>
80001c2c:	0007c783          	lbu	a5,0(a5)
80001c30:	0ff7f793          	zext.b	a5,a5
80001c34:	0207f793          	andi	a5,a5,32
80001c38:	fc0786e3          	beqz	a5,80001c04 <uart_putc+0xbc>
80001c3c:	800087b7          	lui	a5,0x80008
80001c40:	5647a783          	lw	a5,1380(a5) # 80008564 <earth>
80001c44:	0307a703          	lw	a4,48(a5)
80001c48:	00100793          	li	a5,1
80001c4c:	00f71663          	bne	a4,a5,80001c58 <uart_putc+0x110>
80001c50:	100007b7          	lui	a5,0x10000
80001c54:	0080006f          	j	80001c5c <uart_putc+0x114>
80001c58:	f00017b7          	lui	a5,0xf0001
80001c5c:	fef44703          	lbu	a4,-17(s0)
80001c60:	00e7a023          	sw	a4,0(a5) # f0001000 <__heap_end+0x6ff01000>
80001c64:	00000013          	nop
80001c68:	01c12083          	lw	ra,28(sp)
80001c6c:	01812403          	lw	s0,24(sp)
80001c70:	02010113          	addi	sp,sp,32
80001c74:	00008067          	ret

80001c78 <tty_init>:
tty_init():
80001c78:	ff010113          	addi	sp,sp,-16
80001c7c:	00112623          	sw	ra,12(sp)
80001c80:	00812423          	sw	s0,8(sp)
80001c84:	01010413          	addi	s0,sp,16
80001c88:	800087b7          	lui	a5,0x80008
80001c8c:	5647a783          	lw	a5,1380(a5) # 80008564 <earth>
80001c90:	80002737          	lui	a4,0x80002
80001c94:	a0c70713          	addi	a4,a4,-1524 # 80001a0c <uart_getc>
80001c98:	00e7ae23          	sw	a4,28(a5)
80001c9c:	800087b7          	lui	a5,0x80008
80001ca0:	5647a783          	lw	a5,1380(a5) # 80008564 <earth>
80001ca4:	80002737          	lui	a4,0x80002
80001ca8:	b4870713          	addi	a4,a4,-1208 # 80001b48 <uart_putc>
80001cac:	02e7a023          	sw	a4,32(a5)
80001cb0:	800087b7          	lui	a5,0x80008
80001cb4:	5647a783          	lw	a5,1380(a5) # 80008564 <earth>
80001cb8:	80002737          	lui	a4,0x80002
80001cbc:	96c70713          	addi	a4,a4,-1684 # 8000196c <uart_rx_empty>
80001cc0:	02e7a223          	sw	a4,36(a5)
80001cc4:	00000013          	nop
80001cc8:	00c12083          	lw	ra,12(sp)
80001ccc:	00812403          	lw	s0,8(sp)
80001cd0:	01010113          	addi	sp,sp,16
80001cd4:	00008067          	ret

80001cd8 <sys_proc_read>:
sys_proc_read():
80001cd8:	fe010113          	addi	sp,sp,-32
80001cdc:	00112e23          	sw	ra,28(sp)
80001ce0:	00812c23          	sw	s0,24(sp)
80001ce4:	02010413          	addi	s0,sp,32
80001ce8:	fea42623          	sw	a0,-20(s0)
80001cec:	feb42423          	sw	a1,-24(s0)
80001cf0:	800087b7          	lui	a5,0x80008
80001cf4:	5647a783          	lw	a5,1380(a5) # 80008564 <earth>
80001cf8:	0287a783          	lw	a5,40(a5)
80001cfc:	fec42703          	lw	a4,-20(s0)
80001d00:	10070713          	addi	a4,a4,256
80001d04:	fe842603          	lw	a2,-24(s0)
80001d08:	00100593          	li	a1,1
80001d0c:	00070513          	mv	a0,a4
80001d10:	000780e7          	jalr	a5
80001d14:	00000013          	nop
80001d18:	01c12083          	lw	ra,28(sp)
80001d1c:	01812403          	lw	s0,24(sp)
80001d20:	02010113          	addi	sp,sp,32
80001d24:	00008067          	ret

80001d28 <grass_entry>:
grass_entry():
80001d28:	fd010113          	addi	sp,sp,-48
80001d2c:	02112623          	sw	ra,44(sp)
80001d30:	02812423          	sw	s0,40(sp)
80001d34:	03010413          	addi	s0,sp,48
80001d38:	fca42e23          	sw	a0,-36(s0)
80001d3c:	800087b7          	lui	a5,0x80008
80001d40:	33c78513          	addi	a0,a5,828 # 8000833c <__modsi3+0x3e8c>
80001d44:	481010ef          	jal	800039c4 <SUCCESS>
80001d48:	800087b7          	lui	a5,0x80008
80001d4c:	5607a783          	lw	a5,1376(a5) # 80008560 <grass>
80001d50:	80003737          	lui	a4,0x80003
80001d54:	ddc70713          	addi	a4,a4,-548 # 80002ddc <proc_free>
80001d58:	00e7a223          	sw	a4,4(a5)
80001d5c:	800087b7          	lui	a5,0x80008
80001d60:	5607a783          	lw	a5,1376(a5) # 80008560 <grass>
80001d64:	80003737          	lui	a4,0x80003
80001d68:	bf470713          	addi	a4,a4,-1036 # 80002bf4 <proc_alloc>
80001d6c:	00e7a023          	sw	a4,0(a5)
80001d70:	800087b7          	lui	a5,0x80008
80001d74:	5607a783          	lw	a5,1376(a5) # 80008560 <grass>
80001d78:	80003737          	lui	a4,0x80003
80001d7c:	b2470713          	addi	a4,a4,-1244 # 80002b24 <proc_set_ready>
80001d80:	00e7a423          	sw	a4,8(a5)
80001d84:	800087b7          	lui	a5,0x80008
80001d88:	5607a783          	lw	a5,1376(a5) # 80008560 <grass>
80001d8c:	80004737          	lui	a4,0x80004
80001d90:	ce870713          	addi	a4,a4,-792 # 80003ce8 <sys_send>
80001d94:	00e7a623          	sw	a4,12(a5)
80001d98:	800087b7          	lui	a5,0x80008
80001d9c:	5607a783          	lw	a5,1376(a5) # 80008560 <grass>
80001da0:	80004737          	lui	a4,0x80004
80001da4:	d5870713          	addi	a4,a4,-680 # 80003d58 <sys_recv>
80001da8:	00e7a823          	sw	a4,16(a5)
80001dac:	00100593          	li	a1,1
80001db0:	800087b7          	lui	a5,0x80008
80001db4:	35478513          	addi	a0,a5,852 # 80008354 <__modsi3+0x3ea4>
80001db8:	1f1010ef          	jal	800037a8 <INFO>
80001dbc:	00000693          	li	a3,0
80001dc0:	00000613          	li	a2,0
80001dc4:	800027b7          	lui	a5,0x80002
80001dc8:	cd878593          	addi	a1,a5,-808 # 80001cd8 <sys_proc_read>
80001dcc:	00100513          	li	a0,1
80001dd0:	3c4010ef          	jal	80003194 <elf_load>
80001dd4:	621000ef          	jal	80002bf4 <proc_alloc>
80001dd8:	00050793          	mv	a5,a0
80001ddc:	00078513          	mv	a0,a5
80001de0:	579000ef          	jal	80002b58 <proc_set_running>
80001de4:	8000a7b7          	lui	a5,0x8000a
80001de8:	60078713          	addi	a4,a5,1536 # 8000a600 <core_to_proc_idx>
80001dec:	fdc42783          	lw	a5,-36(s0)
80001df0:	00279793          	slli	a5,a5,0x2
80001df4:	00f707b3          	add	a5,a4,a5
80001df8:	00100713          	li	a4,1
80001dfc:	00e7a023          	sw	a4,0(a5)
80001e00:	800087b7          	lui	a5,0x80008
80001e04:	5647a783          	lw	a5,1380(a5) # 80008564 <earth>
80001e08:	0187a783          	lw	a5,24(a5)
80001e0c:	00100513          	li	a0,1
80001e10:	000780e7          	jalr	a5
80001e14:	800087b7          	lui	a5,0x80008
80001e18:	5647a783          	lw	a5,1380(a5) # 80008564 <earth>
80001e1c:	0087a783          	lw	a5,8(a5)
80001e20:	000780e7          	jalr	a5
80001e24:	00300793          	li	a5,3
80001e28:	fef42623          	sw	a5,-20(s0)
80001e2c:	fe042423          	sw	zero,-24(s0)
80001e30:	800087b7          	lui	a5,0x80008
80001e34:	5647a783          	lw	a5,1380(a5) # 80008564 <earth>
80001e38:	0347a703          	lw	a4,52(a5)
80001e3c:	00100793          	li	a5,1
80001e40:	00f71663          	bne	a4,a5,80001e4c <grass_entry+0x124>
80001e44:	fec42783          	lw	a5,-20(s0)
80001e48:	0080006f          	j	80001e50 <grass_entry+0x128>
80001e4c:	fe842783          	lw	a5,-24(s0)
80001e50:	fef42223          	sw	a5,-28(s0)
80001e54:	300027f3          	csrr	a5,mstatus
80001e58:	fef42023          	sw	a5,-32(s0)
80001e5c:	fe042703          	lw	a4,-32(s0)
80001e60:	ffffe7b7          	lui	a5,0xffffe
80001e64:	7ff78793          	addi	a5,a5,2047 # ffffe7ff <__heap_end+0x7fefe7ff>
80001e68:	00f77733          	and	a4,a4,a5
80001e6c:	fe442783          	lw	a5,-28(s0)
80001e70:	00b79793          	slli	a5,a5,0xb
80001e74:	00f767b3          	or	a5,a4,a5
80001e78:	fef42023          	sw	a5,-32(s0)
80001e7c:	fe042783          	lw	a5,-32(s0)
80001e80:	30079073          	csrw	mstatus,a5
80001e84:	802007b7          	lui	a5,0x80200
80001e88:	34179073          	csrw	mepc,a5
80001e8c:	803007b7          	lui	a5,0x80300
80001e90:	00078513          	mv	a0,a5
80001e94:	800087b7          	lui	a5,0x80008
80001e98:	61c78793          	addi	a5,a5,1564 # 8000861c <boot_lock>
80001e9c:	00078593          	mv	a1,a5
80001ea0:	30200073          	mret
80001ea4:	00000013          	nop
80001ea8:	02c12083          	lw	ra,44(sp)
80001eac:	02812403          	lw	s0,40(sp)
80001eb0:	03010113          	addi	sp,sp,48
80001eb4:	00008067          	ret

80001eb8 <kernel_entry>:
kernel_entry():
80001eb8:	fe010113          	addi	sp,sp,-32
80001ebc:	00112e23          	sw	ra,28(sp)
80001ec0:	00812c23          	sw	s0,24(sp)
80001ec4:	02010413          	addi	s0,sp,32
80001ec8:	f1402773          	csrr	a4,mhartid
80001ecc:	800087b7          	lui	a5,0x80008
80001ed0:	60e7a623          	sw	a4,1548(a5) # 8000860c <core_in_kernel>
80001ed4:	800087b7          	lui	a5,0x80008
80001ed8:	60c7a783          	lw	a5,1548(a5) # 8000860c <core_in_kernel>
80001edc:	8000a737          	lui	a4,0x8000a
80001ee0:	60070713          	addi	a4,a4,1536 # 8000a600 <core_to_proc_idx>
80001ee4:	00279793          	slli	a5,a5,0x2
80001ee8:	00f707b3          	add	a5,a4,a5
80001eec:	0007a603          	lw	a2,0(a5)
80001ef0:	34102773          	csrr	a4,mepc
80001ef4:	8000a7b7          	lui	a5,0x8000a
80001ef8:	61078693          	addi	a3,a5,1552 # 8000a610 <proc_set>
80001efc:	4c000793          	li	a5,1216
80001f00:	02f607b3          	mul	a5,a2,a5
80001f04:	00f687b3          	add	a5,a3,a5
80001f08:	40e7ac23          	sw	a4,1048(a5)
80001f0c:	800087b7          	lui	a5,0x80008
80001f10:	60c7a783          	lw	a5,1548(a5) # 8000860c <core_in_kernel>
80001f14:	8000a737          	lui	a4,0x8000a
80001f18:	60070713          	addi	a4,a4,1536 # 8000a600 <core_to_proc_idx>
80001f1c:	00279793          	slli	a5,a5,0x2
80001f20:	00f707b3          	add	a5,a4,a5
80001f24:	0007a703          	lw	a4,0(a5)
80001f28:	4c000793          	li	a5,1216
80001f2c:	02f707b3          	mul	a5,a4,a5
80001f30:	41078713          	addi	a4,a5,1040
80001f34:	8000a7b7          	lui	a5,0x8000a
80001f38:	61078793          	addi	a5,a5,1552 # 8000a610 <proc_set>
80001f3c:	00f707b3          	add	a5,a4,a5
80001f40:	00c78713          	addi	a4,a5,12
80001f44:	08000613          	li	a2,128
80001f48:	802007b7          	lui	a5,0x80200
80001f4c:	f8078593          	addi	a1,a5,-128 # 801fff80 <__heap_end+0xfff80>
80001f50:	00070513          	mv	a0,a4
80001f54:	280020ef          	jal	800041d4 <memcpy>
80001f58:	342027f3          	csrr	a5,mcause
80001f5c:	fef42623          	sw	a5,-20(s0)
80001f60:	fec42783          	lw	a5,-20(s0)
80001f64:	0007dc63          	bgez	a5,80001f7c <kernel_entry+0xc4>
80001f68:	fec42783          	lw	a5,-20(s0)
80001f6c:	3ff7f793          	andi	a5,a5,1023
80001f70:	00078513          	mv	a0,a5
80001f74:	2a8000ef          	jal	8000221c <intr_entry>
80001f78:	00c0006f          	j	80001f84 <kernel_entry+0xcc>
80001f7c:	fec42503          	lw	a0,-20(s0)
80001f80:	09c000ef          	jal	8000201c <excp_entry>
80001f84:	800087b7          	lui	a5,0x80008
80001f88:	60c7a783          	lw	a5,1548(a5) # 8000860c <core_in_kernel>
80001f8c:	8000a737          	lui	a4,0x8000a
80001f90:	60070713          	addi	a4,a4,1536 # 8000a600 <core_to_proc_idx>
80001f94:	00279793          	slli	a5,a5,0x2
80001f98:	00f707b3          	add	a5,a4,a5
80001f9c:	0007a683          	lw	a3,0(a5)
80001fa0:	8000a7b7          	lui	a5,0x8000a
80001fa4:	61078713          	addi	a4,a5,1552 # 8000a610 <proc_set>
80001fa8:	4c000793          	li	a5,1216
80001fac:	02f687b3          	mul	a5,a3,a5
80001fb0:	00f707b3          	add	a5,a4,a5
80001fb4:	4187a783          	lw	a5,1048(a5)
80001fb8:	34179073          	csrw	mepc,a5
80001fbc:	800087b7          	lui	a5,0x80008
80001fc0:	60c7a783          	lw	a5,1548(a5) # 8000860c <core_in_kernel>
80001fc4:	8000a737          	lui	a4,0x8000a
80001fc8:	60070713          	addi	a4,a4,1536 # 8000a600 <core_to_proc_idx>
80001fcc:	00279793          	slli	a5,a5,0x2
80001fd0:	00f707b3          	add	a5,a4,a5
80001fd4:	0007a703          	lw	a4,0(a5)
80001fd8:	4c000793          	li	a5,1216
80001fdc:	02f707b3          	mul	a5,a4,a5
80001fe0:	41078713          	addi	a4,a5,1040
80001fe4:	8000a7b7          	lui	a5,0x8000a
80001fe8:	61078793          	addi	a5,a5,1552 # 8000a610 <proc_set>
80001fec:	00f707b3          	add	a5,a4,a5
80001ff0:	00c78793          	addi	a5,a5,12
80001ff4:	08000613          	li	a2,128
80001ff8:	00078593          	mv	a1,a5
80001ffc:	802007b7          	lui	a5,0x80200
80002000:	f8078513          	addi	a0,a5,-128 # 801fff80 <__heap_end+0xfff80>
80002004:	1d0020ef          	jal	800041d4 <memcpy>
80002008:	00000013          	nop
8000200c:	01c12083          	lw	ra,28(sp)
80002010:	01812403          	lw	s0,24(sp)
80002014:	02010113          	addi	sp,sp,32
80002018:	00008067          	ret

8000201c <excp_entry>:
excp_entry():
8000201c:	fd010113          	addi	sp,sp,-48
80002020:	02112623          	sw	ra,44(sp)
80002024:	02812423          	sw	s0,40(sp)
80002028:	03010413          	addi	s0,sp,48
8000202c:	fca42e23          	sw	a0,-36(s0)
80002030:	fdc42703          	lw	a4,-36(s0)
80002034:	00700793          	li	a5,7
80002038:	1ce7f263          	bgeu	a5,a4,800021fc <excp_entry+0x1e0>
8000203c:	fdc42703          	lw	a4,-36(s0)
80002040:	00b00793          	li	a5,11
80002044:	1ae7ec63          	bltu	a5,a4,800021fc <excp_entry+0x1e0>
80002048:	800087b7          	lui	a5,0x80008
8000204c:	5647a783          	lw	a5,1380(a5) # 80008564 <earth>
80002050:	0147a783          	lw	a5,20(a5)
80002054:	80008737          	lui	a4,0x80008
80002058:	60c72703          	lw	a4,1548(a4) # 8000860c <core_in_kernel>
8000205c:	8000a6b7          	lui	a3,0x8000a
80002060:	60068693          	addi	a3,a3,1536 # 8000a600 <core_to_proc_idx>
80002064:	00271713          	slli	a4,a4,0x2
80002068:	00e68733          	add	a4,a3,a4
8000206c:	00072603          	lw	a2,0(a4)
80002070:	8000a737          	lui	a4,0x8000a
80002074:	61070693          	addi	a3,a4,1552 # 8000a610 <proc_set>
80002078:	4c000713          	li	a4,1216
8000207c:	02e60733          	mul	a4,a2,a4
80002080:	00e68733          	add	a4,a3,a4
80002084:	00072703          	lw	a4,0(a4)
80002088:	803015b7          	lui	a1,0x80301
8000208c:	00070513          	mv	a0,a4
80002090:	000780e7          	jalr	a5
80002094:	fea42623          	sw	a0,-20(s0)
80002098:	800087b7          	lui	a5,0x80008
8000209c:	60c7a783          	lw	a5,1548(a5) # 8000860c <core_in_kernel>
800020a0:	8000a737          	lui	a4,0x8000a
800020a4:	60070713          	addi	a4,a4,1536 # 8000a600 <core_to_proc_idx>
800020a8:	00279793          	slli	a5,a5,0x2
800020ac:	00f707b3          	add	a5,a4,a5
800020b0:	0007a703          	lw	a4,0(a5)
800020b4:	4c000793          	li	a5,1216
800020b8:	02f70733          	mul	a4,a4,a5
800020bc:	8000a7b7          	lui	a5,0x8000a
800020c0:	61078793          	addi	a5,a5,1552 # 8000a610 <proc_set>
800020c4:	00f707b3          	add	a5,a4,a5
800020c8:	00478793          	addi	a5,a5,4
800020cc:	fec42703          	lw	a4,-20(s0)
800020d0:	41000613          	li	a2,1040
800020d4:	00070593          	mv	a1,a4
800020d8:	00078513          	mv	a0,a5
800020dc:	0f8020ef          	jal	800041d4 <memcpy>
800020e0:	800087b7          	lui	a5,0x80008
800020e4:	60c7a783          	lw	a5,1548(a5) # 8000860c <core_in_kernel>
800020e8:	8000a737          	lui	a4,0x8000a
800020ec:	60070713          	addi	a4,a4,1536 # 8000a600 <core_to_proc_idx>
800020f0:	00279793          	slli	a5,a5,0x2
800020f4:	00f707b3          	add	a5,a4,a5
800020f8:	0007a683          	lw	a3,0(a5)
800020fc:	8000a7b7          	lui	a5,0x8000a
80002100:	61078713          	addi	a4,a5,1552 # 8000a610 <proc_set>
80002104:	4c000793          	li	a5,1216
80002108:	02f687b3          	mul	a5,a3,a5
8000210c:	00f707b3          	add	a5,a4,a5
80002110:	4007a823          	sw	zero,1040(a5)
80002114:	800087b7          	lui	a5,0x80008
80002118:	60c7a783          	lw	a5,1548(a5) # 8000860c <core_in_kernel>
8000211c:	8000a737          	lui	a4,0x8000a
80002120:	60070713          	addi	a4,a4,1536 # 8000a600 <core_to_proc_idx>
80002124:	00279793          	slli	a5,a5,0x2
80002128:	00f707b3          	add	a5,a4,a5
8000212c:	0007a683          	lw	a3,0(a5)
80002130:	8000a7b7          	lui	a5,0x8000a
80002134:	61078713          	addi	a4,a5,1552 # 8000a610 <proc_set>
80002138:	4c000793          	li	a5,1216
8000213c:	02f687b3          	mul	a5,a3,a5
80002140:	00f707b3          	add	a5,a4,a5
80002144:	0007a783          	lw	a5,0(a5)
80002148:	00078513          	mv	a0,a5
8000214c:	275000ef          	jal	80002bc0 <proc_set_pending>
80002150:	800087b7          	lui	a5,0x80008
80002154:	60c7a783          	lw	a5,1548(a5) # 8000860c <core_in_kernel>
80002158:	8000a737          	lui	a4,0x8000a
8000215c:	60070713          	addi	a4,a4,1536 # 8000a600 <core_to_proc_idx>
80002160:	00279793          	slli	a5,a5,0x2
80002164:	00f707b3          	add	a5,a4,a5
80002168:	0007a683          	lw	a3,0(a5)
8000216c:	8000a7b7          	lui	a5,0x8000a
80002170:	61078713          	addi	a4,a5,1552 # 8000a610 <proc_set>
80002174:	4c000793          	li	a5,1216
80002178:	02f687b3          	mul	a5,a3,a5
8000217c:	00f707b3          	add	a5,a4,a5
80002180:	4187a783          	lw	a5,1048(a5)
80002184:	80008737          	lui	a4,0x80008
80002188:	60c72703          	lw	a4,1548(a4) # 8000860c <core_in_kernel>
8000218c:	8000a6b7          	lui	a3,0x8000a
80002190:	60068693          	addi	a3,a3,1536 # 8000a600 <core_to_proc_idx>
80002194:	00271713          	slli	a4,a4,0x2
80002198:	00e68733          	add	a4,a3,a4
8000219c:	00072603          	lw	a2,0(a4)
800021a0:	00478713          	addi	a4,a5,4
800021a4:	8000a7b7          	lui	a5,0x8000a
800021a8:	61078693          	addi	a3,a5,1552 # 8000a610 <proc_set>
800021ac:	4c000793          	li	a5,1216
800021b0:	02f607b3          	mul	a5,a2,a5
800021b4:	00f687b3          	add	a5,a3,a5
800021b8:	40e7ac23          	sw	a4,1048(a5)
800021bc:	800087b7          	lui	a5,0x80008
800021c0:	60c7a783          	lw	a5,1548(a5) # 8000860c <core_in_kernel>
800021c4:	8000a737          	lui	a4,0x8000a
800021c8:	60070713          	addi	a4,a4,1536 # 8000a600 <core_to_proc_idx>
800021cc:	00279793          	slli	a5,a5,0x2
800021d0:	00f707b3          	add	a5,a4,a5
800021d4:	0007a703          	lw	a4,0(a5)
800021d8:	4c000793          	li	a5,1216
800021dc:	02f70733          	mul	a4,a4,a5
800021e0:	8000a7b7          	lui	a5,0x8000a
800021e4:	61078793          	addi	a5,a5,1552 # 8000a610 <proc_set>
800021e8:	00f707b3          	add	a5,a4,a5
800021ec:	00078513          	mv	a0,a5
800021f0:	029000ef          	jal	80002a18 <proc_try_syscall>
800021f4:	0fc000ef          	jal	800022f0 <proc_yield>
800021f8:	0140006f          	j	8000220c <excp_entry+0x1f0>
800021fc:	fdc42583          	lw	a1,-36(s0)
80002200:	800087b7          	lui	a5,0x80008
80002204:	37c78513          	addi	a0,a5,892 # 8000837c <__modsi3+0x3ecc>
80002208:	684010ef          	jal	8000388c <FATAL>
8000220c:	02c12083          	lw	ra,44(sp)
80002210:	02812403          	lw	s0,40(sp)
80002214:	03010113          	addi	sp,sp,48
80002218:	00008067          	ret

8000221c <intr_entry>:
intr_entry():
8000221c:	fe010113          	addi	sp,sp,-32
80002220:	00112e23          	sw	ra,28(sp)
80002224:	00812c23          	sw	s0,24(sp)
80002228:	02010413          	addi	s0,sp,32
8000222c:	fea42623          	sw	a0,-20(s0)
80002230:	fec42703          	lw	a4,-20(s0)
80002234:	00700793          	li	a5,7
80002238:	00f70a63          	beq	a4,a5,8000224c <intr_entry+0x30>
8000223c:	fec42583          	lw	a1,-20(s0)
80002240:	800087b7          	lui	a5,0x80008
80002244:	3a078513          	addi	a0,a5,928 # 800083a0 <__modsi3+0x3ef0>
80002248:	644010ef          	jal	8000388c <FATAL>
8000224c:	8000a7b7          	lui	a5,0x8000a
80002250:	61078793          	addi	a5,a5,1552 # 8000a610 <proc_set>
80002254:	4a87a783          	lw	a5,1192(a5)
80002258:	00178713          	addi	a4,a5,1
8000225c:	8000a7b7          	lui	a5,0x8000a
80002260:	61078793          	addi	a5,a5,1552 # 8000a610 <proc_set>
80002264:	4ae7a423          	sw	a4,1192(a5)
80002268:	800087b7          	lui	a5,0x80008
8000226c:	60c7a783          	lw	a5,1548(a5) # 8000860c <core_in_kernel>
80002270:	8000a737          	lui	a4,0x8000a
80002274:	60070713          	addi	a4,a4,1536 # 8000a600 <core_to_proc_idx>
80002278:	00279793          	slli	a5,a5,0x2
8000227c:	00f707b3          	add	a5,a4,a5
80002280:	0007a783          	lw	a5,0(a5)
80002284:	04078a63          	beqz	a5,800022d8 <intr_entry+0xbc>
80002288:	800087b7          	lui	a5,0x80008
8000228c:	60c7a783          	lw	a5,1548(a5) # 8000860c <core_in_kernel>
80002290:	8000a737          	lui	a4,0x8000a
80002294:	60070713          	addi	a4,a4,1536 # 8000a600 <core_to_proc_idx>
80002298:	00279793          	slli	a5,a5,0x2
8000229c:	00f707b3          	add	a5,a4,a5
800022a0:	0007a703          	lw	a4,0(a5)
800022a4:	8000a7b7          	lui	a5,0x8000a
800022a8:	61078693          	addi	a3,a5,1552 # 8000a610 <proc_set>
800022ac:	4c000793          	li	a5,1216
800022b0:	02f707b3          	mul	a5,a4,a5
800022b4:	00f687b3          	add	a5,a3,a5
800022b8:	4a87a783          	lw	a5,1192(a5)
800022bc:	00178693          	addi	a3,a5,1
800022c0:	8000a7b7          	lui	a5,0x8000a
800022c4:	61078613          	addi	a2,a5,1552 # 8000a610 <proc_set>
800022c8:	4c000793          	li	a5,1216
800022cc:	02f707b3          	mul	a5,a4,a5
800022d0:	00f607b3          	add	a5,a2,a5
800022d4:	4ad7a423          	sw	a3,1192(a5)
800022d8:	018000ef          	jal	800022f0 <proc_yield>
800022dc:	00000013          	nop
800022e0:	01c12083          	lw	ra,28(sp)
800022e4:	01812403          	lw	s0,24(sp)
800022e8:	02010113          	addi	sp,sp,32
800022ec:	00008067          	ret

800022f0 <proc_yield>:
proc_yield():
800022f0:	fd010113          	addi	sp,sp,-48
800022f4:	02112623          	sw	ra,44(sp)
800022f8:	02812423          	sw	s0,40(sp)
800022fc:	03212223          	sw	s2,36(sp)
80002300:	03312023          	sw	s3,32(sp)
80002304:	03010413          	addi	s0,sp,48
80002308:	800087b7          	lui	a5,0x80008
8000230c:	60c7a783          	lw	a5,1548(a5) # 8000860c <core_in_kernel>
80002310:	8000a737          	lui	a4,0x8000a
80002314:	60070713          	addi	a4,a4,1536 # 8000a600 <core_to_proc_idx>
80002318:	00279793          	slli	a5,a5,0x2
8000231c:	00f707b3          	add	a5,a4,a5
80002320:	0007a683          	lw	a3,0(a5)
80002324:	8000a7b7          	lui	a5,0x8000a
80002328:	61078713          	addi	a4,a5,1552 # 8000a610 <proc_set>
8000232c:	4c000793          	li	a5,1216
80002330:	02f687b3          	mul	a5,a3,a5
80002334:	00f707b3          	add	a5,a4,a5
80002338:	4147a703          	lw	a4,1044(a5)
8000233c:	00300793          	li	a5,3
80002340:	04f71063          	bne	a4,a5,80002380 <proc_yield+0x90>
80002344:	800087b7          	lui	a5,0x80008
80002348:	60c7a783          	lw	a5,1548(a5) # 8000860c <core_in_kernel>
8000234c:	8000a737          	lui	a4,0x8000a
80002350:	60070713          	addi	a4,a4,1536 # 8000a600 <core_to_proc_idx>
80002354:	00279793          	slli	a5,a5,0x2
80002358:	00f707b3          	add	a5,a4,a5
8000235c:	0007a683          	lw	a3,0(a5)
80002360:	8000a7b7          	lui	a5,0x8000a
80002364:	61078713          	addi	a4,a5,1552 # 8000a610 <proc_set>
80002368:	4c000793          	li	a5,1216
8000236c:	02f687b3          	mul	a5,a3,a5
80002370:	00f707b3          	add	a5,a4,a5
80002374:	0007a783          	lw	a5,0(a5)
80002378:	00078513          	mv	a0,a5
8000237c:	011000ef          	jal	80002b8c <proc_set_runnable>
80002380:	8000a7b7          	lui	a5,0x8000a
80002384:	61078793          	addi	a5,a5,1552 # 8000a610 <proc_set>
80002388:	4a87a783          	lw	a5,1192(a5)
8000238c:	fcf42e23          	sw	a5,-36(s0)
80002390:	fe042623          	sw	zero,-20(s0)
80002394:	800087b7          	lui	a5,0x80008
80002398:	6107a783          	lw	a5,1552(a5) # 80008610 <last_schedule_tick.0>
8000239c:	fdc42703          	lw	a4,-36(s0)
800023a0:	00e7fc63          	bgeu	a5,a4,800023b8 <proc_yield+0xc8>
800023a4:	800087b7          	lui	a5,0x80008
800023a8:	6107a783          	lw	a5,1552(a5) # 80008610 <last_schedule_tick.0>
800023ac:	fdc42703          	lw	a4,-36(s0)
800023b0:	40f707b3          	sub	a5,a4,a5
800023b4:	fef42623          	sw	a5,-20(s0)
800023b8:	800087b7          	lui	a5,0x80008
800023bc:	fdc42703          	lw	a4,-36(s0)
800023c0:	60e7a823          	sw	a4,1552(a5) # 80008610 <last_schedule_tick.0>
800023c4:	800087b7          	lui	a5,0x80008
800023c8:	60c7a783          	lw	a5,1548(a5) # 8000860c <core_in_kernel>
800023cc:	8000a737          	lui	a4,0x8000a
800023d0:	60070713          	addi	a4,a4,1536 # 8000a600 <core_to_proc_idx>
800023d4:	00279793          	slli	a5,a5,0x2
800023d8:	00f707b3          	add	a5,a4,a5
800023dc:	0007a683          	lw	a3,0(a5)
800023e0:	8000a7b7          	lui	a5,0x8000a
800023e4:	61078713          	addi	a4,a5,1552 # 8000a610 <proc_set>
800023e8:	4c000793          	li	a5,1216
800023ec:	02f687b3          	mul	a5,a3,a5
800023f0:	00f707b3          	add	a5,a4,a5
800023f4:	0007a703          	lw	a4,0(a5)
800023f8:	00f00793          	li	a5,15
800023fc:	0ee7ce63          	blt	a5,a4,800024f8 <proc_yield+0x208>
80002400:	800087b7          	lui	a5,0x80008
80002404:	60c7a783          	lw	a5,1548(a5) # 8000860c <core_in_kernel>
80002408:	8000a737          	lui	a4,0x8000a
8000240c:	60070713          	addi	a4,a4,1536 # 8000a600 <core_to_proc_idx>
80002410:	00279793          	slli	a5,a5,0x2
80002414:	00f707b3          	add	a5,a4,a5
80002418:	0007a683          	lw	a3,0(a5)
8000241c:	8000a7b7          	lui	a5,0x8000a
80002420:	61078713          	addi	a4,a5,1552 # 8000a610 <proc_set>
80002424:	4c000793          	li	a5,1216
80002428:	02f687b3          	mul	a5,a3,a5
8000242c:	00f707b3          	add	a5,a4,a5
80002430:	4147a783          	lw	a5,1044(a5)
80002434:	0c078263          	beqz	a5,800024f8 <proc_yield+0x208>
80002438:	800087b7          	lui	a5,0x80008
8000243c:	60c7a783          	lw	a5,1548(a5) # 8000860c <core_in_kernel>
80002440:	8000a737          	lui	a4,0x8000a
80002444:	60070713          	addi	a4,a4,1536 # 8000a600 <core_to_proc_idx>
80002448:	00279793          	slli	a5,a5,0x2
8000244c:	00f707b3          	add	a5,a4,a5
80002450:	0007a703          	lw	a4,0(a5)
80002454:	4c000793          	li	a5,1216
80002458:	02f70733          	mul	a4,a4,a5
8000245c:	8000a7b7          	lui	a5,0x8000a
80002460:	61078793          	addi	a5,a5,1552 # 8000a610 <proc_set>
80002464:	00f707b3          	add	a5,a4,a5
80002468:	fcf42c23          	sw	a5,-40(s0)
8000246c:	fd842783          	lw	a5,-40(s0)
80002470:	4a47a703          	lw	a4,1188(a5)
80002474:	fec42783          	lw	a5,-20(s0)
80002478:	00f70733          	add	a4,a4,a5
8000247c:	fd842783          	lw	a5,-40(s0)
80002480:	4ae7a223          	sw	a4,1188(a5)
80002484:	fec42783          	lw	a5,-20(s0)
80002488:	00078913          	mv	s2,a5
8000248c:	00000993          	li	s3,0
80002490:	00090593          	mv	a1,s2
80002494:	00098613          	mv	a2,s3
80002498:	fd842503          	lw	a0,-40(s0)
8000249c:	2d5000ef          	jal	80002f70 <mlfq_update_level>
800024a0:	fd842783          	lw	a5,-40(s0)
800024a4:	4b47a783          	lw	a5,1204(a5)
800024a8:	02079c63          	bnez	a5,800024e0 <proc_yield+0x1f0>
800024ac:	fd842783          	lw	a5,-40(s0)
800024b0:	fdc42703          	lw	a4,-36(s0)
800024b4:	4ae7a823          	sw	a4,1200(a5)
800024b8:	fd842783          	lw	a5,-40(s0)
800024bc:	4b07a703          	lw	a4,1200(a5)
800024c0:	fd842783          	lw	a5,-40(s0)
800024c4:	4ac7a783          	lw	a5,1196(a5)
800024c8:	40f70733          	sub	a4,a4,a5
800024cc:	fd842783          	lw	a5,-40(s0)
800024d0:	4ae7a023          	sw	a4,1184(a5)
800024d4:	fd842783          	lw	a5,-40(s0)
800024d8:	00100713          	li	a4,1
800024dc:	4ae7aa23          	sw	a4,1204(a5)
800024e0:	fd842783          	lw	a5,-40(s0)
800024e4:	4ac7a783          	lw	a5,1196(a5)
800024e8:	fdc42703          	lw	a4,-36(s0)
800024ec:	40f70733          	sub	a4,a4,a5
800024f0:	fd842783          	lw	a5,-40(s0)
800024f4:	48e7ae23          	sw	a4,1180(a5)
800024f8:	319000ef          	jal	80003010 <mlfq_reset_level>
800024fc:	fff00793          	li	a5,-1
80002500:	fef42423          	sw	a5,-24(s0)
80002504:	0ff00793          	li	a5,255
80002508:	fef42223          	sw	a5,-28(s0)
8000250c:	00100793          	li	a5,1
80002510:	fef42023          	sw	a5,-32(s0)
80002514:	0e00006f          	j	800025f4 <proc_yield+0x304>
80002518:	800087b7          	lui	a5,0x80008
8000251c:	60c7a783          	lw	a5,1548(a5) # 8000860c <core_in_kernel>
80002520:	8000a737          	lui	a4,0x8000a
80002524:	60070713          	addi	a4,a4,1536 # 8000a600 <core_to_proc_idx>
80002528:	00279793          	slli	a5,a5,0x2
8000252c:	00f707b3          	add	a5,a4,a5
80002530:	0007a703          	lw	a4,0(a5)
80002534:	fe042783          	lw	a5,-32(s0)
80002538:	00f706b3          	add	a3,a4,a5
8000253c:	f0f0f7b7          	lui	a5,0xf0f0f
80002540:	0f178793          	addi	a5,a5,241 # f0f0f0f1 <__heap_end+0x70e0f0f1>
80002544:	02f6b7b3          	mulhu	a5,a3,a5
80002548:	0047d713          	srli	a4,a5,0x4
8000254c:	00070793          	mv	a5,a4
80002550:	00479793          	slli	a5,a5,0x4
80002554:	00e787b3          	add	a5,a5,a4
80002558:	40f68733          	sub	a4,a3,a5
8000255c:	fce42a23          	sw	a4,-44(s0)
80002560:	fd442783          	lw	a5,-44(s0)
80002564:	08078063          	beqz	a5,800025e4 <proc_yield+0x2f4>
80002568:	fd442703          	lw	a4,-44(s0)
8000256c:	4c000793          	li	a5,1216
80002570:	02f70733          	mul	a4,a4,a5
80002574:	8000a7b7          	lui	a5,0x8000a
80002578:	61078793          	addi	a5,a5,1552 # 8000a610 <proc_set>
8000257c:	00f707b3          	add	a5,a4,a5
80002580:	fcf42823          	sw	a5,-48(s0)
80002584:	fd042783          	lw	a5,-48(s0)
80002588:	4147a703          	lw	a4,1044(a5)
8000258c:	00500793          	li	a5,5
80002590:	00f71663          	bne	a4,a5,8000259c <proc_yield+0x2ac>
80002594:	fd042503          	lw	a0,-48(s0)
80002598:	480000ef          	jal	80002a18 <proc_try_syscall>
8000259c:	fd042783          	lw	a5,-48(s0)
800025a0:	4147a703          	lw	a4,1044(a5)
800025a4:	00200793          	li	a5,2
800025a8:	00f70a63          	beq	a4,a5,800025bc <proc_yield+0x2cc>
800025ac:	fd042783          	lw	a5,-48(s0)
800025b0:	4147a703          	lw	a4,1044(a5)
800025b4:	00400793          	li	a5,4
800025b8:	02f71863          	bne	a4,a5,800025e8 <proc_yield+0x2f8>
800025bc:	fd042783          	lw	a5,-48(s0)
800025c0:	4b87a703          	lw	a4,1208(a5)
800025c4:	fe442783          	lw	a5,-28(s0)
800025c8:	02f77063          	bgeu	a4,a5,800025e8 <proc_yield+0x2f8>
800025cc:	fd042783          	lw	a5,-48(s0)
800025d0:	4b87a783          	lw	a5,1208(a5)
800025d4:	fef42223          	sw	a5,-28(s0)
800025d8:	fd442783          	lw	a5,-44(s0)
800025dc:	fef42423          	sw	a5,-24(s0)
800025e0:	0080006f          	j	800025e8 <proc_yield+0x2f8>
800025e4:	00000013          	nop
800025e8:	fe042783          	lw	a5,-32(s0)
800025ec:	00178793          	addi	a5,a5,1
800025f0:	fef42023          	sw	a5,-32(s0)
800025f4:	fe042703          	lw	a4,-32(s0)
800025f8:	01000793          	li	a5,16
800025fc:	f0e7fee3          	bgeu	a5,a4,80002518 <proc_yield+0x228>
80002600:	fe842703          	lw	a4,-24(s0)
80002604:	fff00793          	li	a5,-1
80002608:	06f71e63          	bne	a4,a5,80002684 <proc_yield+0x394>
8000260c:	800087b7          	lui	a5,0x80008
80002610:	60c7a783          	lw	a5,1548(a5) # 8000860c <core_in_kernel>
80002614:	8000a737          	lui	a4,0x8000a
80002618:	60070713          	addi	a4,a4,1536 # 8000a600 <core_to_proc_idx>
8000261c:	00279793          	slli	a5,a5,0x2
80002620:	00f707b3          	add	a5,a4,a5
80002624:	0007a683          	lw	a3,0(a5)
80002628:	8000a7b7          	lui	a5,0x8000a
8000262c:	61078713          	addi	a4,a5,1552 # 8000a610 <proc_set>
80002630:	4c000793          	li	a5,1216
80002634:	02f687b3          	mul	a5,a3,a5
80002638:	00f707b3          	add	a5,a4,a5
8000263c:	4147a703          	lw	a4,1044(a5)
80002640:	00400793          	li	a5,4
80002644:	02f71463          	bne	a4,a5,8000266c <proc_yield+0x37c>
80002648:	800087b7          	lui	a5,0x80008
8000264c:	60c7a783          	lw	a5,1548(a5) # 8000860c <core_in_kernel>
80002650:	8000a737          	lui	a4,0x8000a
80002654:	60070713          	addi	a4,a4,1536 # 8000a600 <core_to_proc_idx>
80002658:	00279793          	slli	a5,a5,0x2
8000265c:	00f707b3          	add	a5,a4,a5
80002660:	0007a783          	lw	a5,0(a5)
80002664:	fef42423          	sw	a5,-24(s0)
80002668:	01c0006f          	j	80002684 <proc_yield+0x394>
8000266c:	800087b7          	lui	a5,0x80008
80002670:	60c7a783          	lw	a5,1548(a5) # 8000860c <core_in_kernel>
80002674:	00078593          	mv	a1,a5
80002678:	800087b7          	lui	a5,0x80008
8000267c:	3c478513          	addi	a0,a5,964 # 800083c4 <__modsi3+0x3f14>
80002680:	20c010ef          	jal	8000388c <FATAL>
80002684:	800087b7          	lui	a5,0x80008
80002688:	60c7a783          	lw	a5,1548(a5) # 8000860c <core_in_kernel>
8000268c:	fe842703          	lw	a4,-24(s0)
80002690:	8000a6b7          	lui	a3,0x8000a
80002694:	60068693          	addi	a3,a3,1536 # 8000a600 <core_to_proc_idx>
80002698:	00279793          	slli	a5,a5,0x2
8000269c:	00f687b3          	add	a5,a3,a5
800026a0:	00e7a023          	sw	a4,0(a5)
800026a4:	800087b7          	lui	a5,0x80008
800026a8:	5647a783          	lw	a5,1380(a5) # 80008564 <earth>
800026ac:	0187a783          	lw	a5,24(a5)
800026b0:	80008737          	lui	a4,0x80008
800026b4:	60c72703          	lw	a4,1548(a4) # 8000860c <core_in_kernel>
800026b8:	8000a6b7          	lui	a3,0x8000a
800026bc:	60068693          	addi	a3,a3,1536 # 8000a600 <core_to_proc_idx>
800026c0:	00271713          	slli	a4,a4,0x2
800026c4:	00e68733          	add	a4,a3,a4
800026c8:	00072603          	lw	a2,0(a4)
800026cc:	8000a737          	lui	a4,0x8000a
800026d0:	61070693          	addi	a3,a4,1552 # 8000a610 <proc_set>
800026d4:	4c000713          	li	a4,1216
800026d8:	02e60733          	mul	a4,a2,a4
800026dc:	00e68733          	add	a4,a3,a4
800026e0:	00072703          	lw	a4,0(a4)
800026e4:	00070513          	mv	a0,a4
800026e8:	000780e7          	jalr	a5
800026ec:	800087b7          	lui	a5,0x80008
800026f0:	5647a783          	lw	a5,1380(a5) # 80008564 <earth>
800026f4:	0087a783          	lw	a5,8(a5)
800026f8:	000780e7          	jalr	a5
800026fc:	800087b7          	lui	a5,0x80008
80002700:	60c7a783          	lw	a5,1548(a5) # 8000860c <core_in_kernel>
80002704:	8000a737          	lui	a4,0x8000a
80002708:	60070713          	addi	a4,a4,1536 # 8000a600 <core_to_proc_idx>
8000270c:	00279793          	slli	a5,a5,0x2
80002710:	00f707b3          	add	a5,a4,a5
80002714:	0007a683          	lw	a3,0(a5)
80002718:	8000a7b7          	lui	a5,0x8000a
8000271c:	61078713          	addi	a4,a5,1552 # 8000a610 <proc_set>
80002720:	4c000793          	li	a5,1216
80002724:	02f687b3          	mul	a5,a3,a5
80002728:	00f707b3          	add	a5,a4,a5
8000272c:	4147a703          	lw	a4,1044(a5)
80002730:	00200793          	li	a5,2
80002734:	0af71863          	bne	a4,a5,800027e4 <proc_yield+0x4f4>
80002738:	800087b7          	lui	a5,0x80008
8000273c:	60c7a783          	lw	a5,1548(a5) # 8000860c <core_in_kernel>
80002740:	8000a737          	lui	a4,0x8000a
80002744:	60070713          	addi	a4,a4,1536 # 8000a600 <core_to_proc_idx>
80002748:	00279793          	slli	a5,a5,0x2
8000274c:	00f707b3          	add	a5,a4,a5
80002750:	0007a683          	lw	a3,0(a5)
80002754:	8000a7b7          	lui	a5,0x8000a
80002758:	61078713          	addi	a4,a5,1552 # 8000a610 <proc_set>
8000275c:	4c000793          	li	a5,1216
80002760:	02f687b3          	mul	a5,a3,a5
80002764:	00f707b3          	add	a5,a4,a5
80002768:	80300737          	lui	a4,0x80300
8000276c:	40e7ae23          	sw	a4,1052(a5)
80002770:	800087b7          	lui	a5,0x80008
80002774:	60c7a783          	lw	a5,1548(a5) # 8000860c <core_in_kernel>
80002778:	8000a737          	lui	a4,0x8000a
8000277c:	60070713          	addi	a4,a4,1536 # 8000a600 <core_to_proc_idx>
80002780:	00279793          	slli	a5,a5,0x2
80002784:	00f707b3          	add	a5,a4,a5
80002788:	0007a683          	lw	a3,0(a5)
8000278c:	8000a7b7          	lui	a5,0x8000a
80002790:	61078713          	addi	a4,a5,1552 # 8000a610 <proc_set>
80002794:	4c000793          	li	a5,1216
80002798:	02f687b3          	mul	a5,a3,a5
8000279c:	00f707b3          	add	a5,a4,a5
800027a0:	80300737          	lui	a4,0x80300
800027a4:	00470713          	addi	a4,a4,4 # 80300004 <__heap_end+0x200004>
800027a8:	42e7a023          	sw	a4,1056(a5)
800027ac:	800087b7          	lui	a5,0x80008
800027b0:	60c7a783          	lw	a5,1548(a5) # 8000860c <core_in_kernel>
800027b4:	8000a737          	lui	a4,0x8000a
800027b8:	60070713          	addi	a4,a4,1536 # 8000a600 <core_to_proc_idx>
800027bc:	00279793          	slli	a5,a5,0x2
800027c0:	00f707b3          	add	a5,a4,a5
800027c4:	0007a683          	lw	a3,0(a5)
800027c8:	8000a7b7          	lui	a5,0x8000a
800027cc:	61078713          	addi	a4,a5,1552 # 8000a610 <proc_set>
800027d0:	4c000793          	li	a5,1216
800027d4:	02f687b3          	mul	a5,a3,a5
800027d8:	00f707b3          	add	a5,a4,a5
800027dc:	80200737          	lui	a4,0x80200
800027e0:	40e7ac23          	sw	a4,1048(a5)
800027e4:	800087b7          	lui	a5,0x80008
800027e8:	60c7a783          	lw	a5,1548(a5) # 8000860c <core_in_kernel>
800027ec:	8000a737          	lui	a4,0x8000a
800027f0:	60070713          	addi	a4,a4,1536 # 8000a600 <core_to_proc_idx>
800027f4:	00279793          	slli	a5,a5,0x2
800027f8:	00f707b3          	add	a5,a4,a5
800027fc:	0007a683          	lw	a3,0(a5)
80002800:	8000a7b7          	lui	a5,0x8000a
80002804:	61078713          	addi	a4,a5,1552 # 8000a610 <proc_set>
80002808:	4c000793          	li	a5,1216
8000280c:	02f687b3          	mul	a5,a3,a5
80002810:	00f707b3          	add	a5,a4,a5
80002814:	0007a783          	lw	a5,0(a5)
80002818:	00078513          	mv	a0,a5
8000281c:	33c000ef          	jal	80002b58 <proc_set_running>
80002820:	800087b7          	lui	a5,0x80008
80002824:	5647a783          	lw	a5,1380(a5) # 80008564 <earth>
80002828:	00c7a783          	lw	a5,12(a5)
8000282c:	80008737          	lui	a4,0x80008
80002830:	60c72703          	lw	a4,1548(a4) # 8000860c <core_in_kernel>
80002834:	00070513          	mv	a0,a4
80002838:	000780e7          	jalr	a5
8000283c:	00000013          	nop
80002840:	02c12083          	lw	ra,44(sp)
80002844:	02812403          	lw	s0,40(sp)
80002848:	02412903          	lw	s2,36(sp)
8000284c:	02012983          	lw	s3,32(sp)
80002850:	03010113          	addi	sp,sp,48
80002854:	00008067          	ret

80002858 <proc_try_send>:
proc_try_send():
80002858:	fd010113          	addi	sp,sp,-48
8000285c:	02112623          	sw	ra,44(sp)
80002860:	02812423          	sw	s0,40(sp)
80002864:	03010413          	addi	s0,sp,48
80002868:	fca42e23          	sw	a0,-36(s0)
8000286c:	fe042623          	sw	zero,-20(s0)
80002870:	0cc0006f          	j	8000293c <proc_try_send+0xe4>
80002874:	fec42703          	lw	a4,-20(s0)
80002878:	4c000793          	li	a5,1216
8000287c:	02f70733          	mul	a4,a4,a5
80002880:	8000a7b7          	lui	a5,0x8000a
80002884:	61078793          	addi	a5,a5,1552 # 8000a610 <proc_set>
80002888:	00f707b3          	add	a5,a4,a5
8000288c:	fef42423          	sw	a5,-24(s0)
80002890:	fe842783          	lw	a5,-24(s0)
80002894:	0007a703          	lw	a4,0(a5)
80002898:	fdc42783          	lw	a5,-36(s0)
8000289c:	00c7a783          	lw	a5,12(a5)
800028a0:	08f71863          	bne	a4,a5,80002930 <proc_try_send+0xd8>
800028a4:	fe842783          	lw	a5,-24(s0)
800028a8:	4147a783          	lw	a5,1044(a5)
800028ac:	08078263          	beqz	a5,80002930 <proc_try_send+0xd8>
800028b0:	fe842783          	lw	a5,-24(s0)
800028b4:	0047a703          	lw	a4,4(a5)
800028b8:	00100793          	li	a5,1
800028bc:	0af71463          	bne	a4,a5,80002964 <proc_try_send+0x10c>
800028c0:	fe842783          	lw	a5,-24(s0)
800028c4:	4107a783          	lw	a5,1040(a5)
800028c8:	08079e63          	bnez	a5,80002964 <proc_try_send+0x10c>
800028cc:	fe842783          	lw	a5,-24(s0)
800028d0:	0087a703          	lw	a4,8(a5)
800028d4:	fff00793          	li	a5,-1
800028d8:	00f70c63          	beq	a4,a5,800028f0 <proc_try_send+0x98>
800028dc:	fe842783          	lw	a5,-24(s0)
800028e0:	0087a703          	lw	a4,8(a5)
800028e4:	fdc42783          	lw	a5,-36(s0)
800028e8:	0007a783          	lw	a5,0(a5)
800028ec:	08f71063          	bne	a4,a5,8000296c <proc_try_send+0x114>
800028f0:	fe842783          	lw	a5,-24(s0)
800028f4:	00100713          	li	a4,1
800028f8:	40e7a823          	sw	a4,1040(a5)
800028fc:	fdc42783          	lw	a5,-36(s0)
80002900:	0007a703          	lw	a4,0(a5)
80002904:	fe842783          	lw	a5,-24(s0)
80002908:	00e7a423          	sw	a4,8(a5)
8000290c:	fe842783          	lw	a5,-24(s0)
80002910:	01078713          	addi	a4,a5,16
80002914:	fdc42783          	lw	a5,-36(s0)
80002918:	01078793          	addi	a5,a5,16
8000291c:	40000613          	li	a2,1024
80002920:	00078593          	mv	a1,a5
80002924:	00070513          	mv	a0,a4
80002928:	0ad010ef          	jal	800041d4 <memcpy>
8000292c:	0440006f          	j	80002970 <proc_try_send+0x118>
80002930:	fec42783          	lw	a5,-20(s0)
80002934:	00178793          	addi	a5,a5,1
80002938:	fef42623          	sw	a5,-20(s0)
8000293c:	fec42703          	lw	a4,-20(s0)
80002940:	00f00793          	li	a5,15
80002944:	f2e7f8e3          	bgeu	a5,a4,80002874 <proc_try_send+0x1c>
80002948:	fdc42783          	lw	a5,-36(s0)
8000294c:	00c7a783          	lw	a5,12(a5)
80002950:	00078593          	mv	a1,a5
80002954:	800087b7          	lui	a5,0x80008
80002958:	3f078513          	addi	a0,a5,1008 # 800083f0 <__modsi3+0x3f40>
8000295c:	731000ef          	jal	8000388c <FATAL>
80002960:	0100006f          	j	80002970 <proc_try_send+0x118>
80002964:	00000013          	nop
80002968:	0080006f          	j	80002970 <proc_try_send+0x118>
8000296c:	00000013          	nop
80002970:	02c12083          	lw	ra,44(sp)
80002974:	02812403          	lw	s0,40(sp)
80002978:	03010113          	addi	sp,sp,48
8000297c:	00008067          	ret

80002980 <proc_try_recv>:
proc_try_recv():
80002980:	fd010113          	addi	sp,sp,-48
80002984:	02112623          	sw	ra,44(sp)
80002988:	02812423          	sw	s0,40(sp)
8000298c:	03010413          	addi	s0,sp,48
80002990:	fca42e23          	sw	a0,-36(s0)
80002994:	fdc42783          	lw	a5,-36(s0)
80002998:	4107a783          	lw	a5,1040(a5)
8000299c:	06078463          	beqz	a5,80002a04 <proc_try_recv+0x84>
800029a0:	800087b7          	lui	a5,0x80008
800029a4:	5647a783          	lw	a5,1380(a5) # 80008564 <earth>
800029a8:	0147a783          	lw	a5,20(a5)
800029ac:	fdc42703          	lw	a4,-36(s0)
800029b0:	00072703          	lw	a4,0(a4)
800029b4:	803015b7          	lui	a1,0x80301
800029b8:	00070513          	mv	a0,a4
800029bc:	000780e7          	jalr	a5
800029c0:	fea42623          	sw	a0,-20(s0)
800029c4:	fec42703          	lw	a4,-20(s0)
800029c8:	fdc42783          	lw	a5,-36(s0)
800029cc:	00478793          	addi	a5,a5,4
800029d0:	41000613          	li	a2,1040
800029d4:	00078593          	mv	a1,a5
800029d8:	00070513          	mv	a0,a4
800029dc:	7f8010ef          	jal	800041d4 <memcpy>
800029e0:	fdc42783          	lw	a5,-36(s0)
800029e4:	0007a783          	lw	a5,0(a5)
800029e8:	00078513          	mv	a0,a5
800029ec:	1a0000ef          	jal	80002b8c <proc_set_runnable>
800029f0:	fdc42783          	lw	a5,-36(s0)
800029f4:	0087a783          	lw	a5,8(a5)
800029f8:	00078513          	mv	a0,a5
800029fc:	190000ef          	jal	80002b8c <proc_set_runnable>
80002a00:	0080006f          	j	80002a08 <proc_try_recv+0x88>
80002a04:	00000013          	nop
80002a08:	02c12083          	lw	ra,44(sp)
80002a0c:	02812403          	lw	s0,40(sp)
80002a10:	03010113          	addi	sp,sp,48
80002a14:	00008067          	ret

80002a18 <proc_try_syscall>:
proc_try_syscall():
80002a18:	fe010113          	addi	sp,sp,-32
80002a1c:	00112e23          	sw	ra,28(sp)
80002a20:	00812c23          	sw	s0,24(sp)
80002a24:	02010413          	addi	s0,sp,32
80002a28:	fea42623          	sw	a0,-20(s0)
80002a2c:	fec42783          	lw	a5,-20(s0)
80002a30:	0047a783          	lw	a5,4(a5)
80002a34:	00100713          	li	a4,1
80002a38:	00e78863          	beq	a5,a4,80002a48 <proc_try_syscall+0x30>
80002a3c:	00200713          	li	a4,2
80002a40:	00e78a63          	beq	a5,a4,80002a54 <proc_try_syscall+0x3c>
80002a44:	01c0006f          	j	80002a60 <proc_try_syscall+0x48>
80002a48:	fec42503          	lw	a0,-20(s0)
80002a4c:	f35ff0ef          	jal	80002980 <proc_try_recv>
80002a50:	02c0006f          	j	80002a7c <proc_try_syscall+0x64>
80002a54:	fec42503          	lw	a0,-20(s0)
80002a58:	e01ff0ef          	jal	80002858 <proc_try_send>
80002a5c:	0200006f          	j	80002a7c <proc_try_syscall+0x64>
80002a60:	fec42783          	lw	a5,-20(s0)
80002a64:	0047a783          	lw	a5,4(a5)
80002a68:	00078593          	mv	a1,a5
80002a6c:	800087b7          	lui	a5,0x80008
80002a70:	41878513          	addi	a0,a5,1048 # 80008418 <__modsi3+0x3f68>
80002a74:	619000ef          	jal	8000388c <FATAL>
80002a78:	00000013          	nop
80002a7c:	00000013          	nop
80002a80:	01c12083          	lw	ra,28(sp)
80002a84:	01812403          	lw	s0,24(sp)
80002a88:	02010113          	addi	sp,sp,32
80002a8c:	00008067          	ret

80002a90 <proc_set_status>:
proc_set_status():
80002a90:	fd010113          	addi	sp,sp,-48
80002a94:	02112623          	sw	ra,44(sp)
80002a98:	02812423          	sw	s0,40(sp)
80002a9c:	03010413          	addi	s0,sp,48
80002aa0:	fca42e23          	sw	a0,-36(s0)
80002aa4:	fcb42c23          	sw	a1,-40(s0)
80002aa8:	fe042623          	sw	zero,-20(s0)
80002aac:	0540006f          	j	80002b00 <proc_set_status+0x70>
80002ab0:	8000a7b7          	lui	a5,0x8000a
80002ab4:	61078713          	addi	a4,a5,1552 # 8000a610 <proc_set>
80002ab8:	fec42683          	lw	a3,-20(s0)
80002abc:	4c000793          	li	a5,1216
80002ac0:	02f687b3          	mul	a5,a3,a5
80002ac4:	00f707b3          	add	a5,a4,a5
80002ac8:	0007a783          	lw	a5,0(a5)
80002acc:	fdc42703          	lw	a4,-36(s0)
80002ad0:	02f71263          	bne	a4,a5,80002af4 <proc_set_status+0x64>
80002ad4:	8000a7b7          	lui	a5,0x8000a
80002ad8:	61078713          	addi	a4,a5,1552 # 8000a610 <proc_set>
80002adc:	fec42683          	lw	a3,-20(s0)
80002ae0:	4c000793          	li	a5,1216
80002ae4:	02f687b3          	mul	a5,a3,a5
80002ae8:	00f707b3          	add	a5,a4,a5
80002aec:	fd842703          	lw	a4,-40(s0)
80002af0:	40e7aa23          	sw	a4,1044(a5)
80002af4:	fec42783          	lw	a5,-20(s0)
80002af8:	00178793          	addi	a5,a5,1
80002afc:	fef42623          	sw	a5,-20(s0)
80002b00:	fec42703          	lw	a4,-20(s0)
80002b04:	00f00793          	li	a5,15
80002b08:	fae7f4e3          	bgeu	a5,a4,80002ab0 <proc_set_status+0x20>
80002b0c:	00000013          	nop
80002b10:	00000013          	nop
80002b14:	02c12083          	lw	ra,44(sp)
80002b18:	02812403          	lw	s0,40(sp)
80002b1c:	03010113          	addi	sp,sp,48
80002b20:	00008067          	ret

80002b24 <proc_set_ready>:
proc_set_ready():
80002b24:	fe010113          	addi	sp,sp,-32
80002b28:	00112e23          	sw	ra,28(sp)
80002b2c:	00812c23          	sw	s0,24(sp)
80002b30:	02010413          	addi	s0,sp,32
80002b34:	fea42623          	sw	a0,-20(s0)
80002b38:	00200593          	li	a1,2
80002b3c:	fec42503          	lw	a0,-20(s0)
80002b40:	f51ff0ef          	jal	80002a90 <proc_set_status>
80002b44:	00000013          	nop
80002b48:	01c12083          	lw	ra,28(sp)
80002b4c:	01812403          	lw	s0,24(sp)
80002b50:	02010113          	addi	sp,sp,32
80002b54:	00008067          	ret

80002b58 <proc_set_running>:
proc_set_running():
80002b58:	fe010113          	addi	sp,sp,-32
80002b5c:	00112e23          	sw	ra,28(sp)
80002b60:	00812c23          	sw	s0,24(sp)
80002b64:	02010413          	addi	s0,sp,32
80002b68:	fea42623          	sw	a0,-20(s0)
80002b6c:	00300593          	li	a1,3
80002b70:	fec42503          	lw	a0,-20(s0)
80002b74:	f1dff0ef          	jal	80002a90 <proc_set_status>
80002b78:	00000013          	nop
80002b7c:	01c12083          	lw	ra,28(sp)
80002b80:	01812403          	lw	s0,24(sp)
80002b84:	02010113          	addi	sp,sp,32
80002b88:	00008067          	ret

80002b8c <proc_set_runnable>:
proc_set_runnable():
80002b8c:	fe010113          	addi	sp,sp,-32
80002b90:	00112e23          	sw	ra,28(sp)
80002b94:	00812c23          	sw	s0,24(sp)
80002b98:	02010413          	addi	s0,sp,32
80002b9c:	fea42623          	sw	a0,-20(s0)
80002ba0:	00400593          	li	a1,4
80002ba4:	fec42503          	lw	a0,-20(s0)
80002ba8:	ee9ff0ef          	jal	80002a90 <proc_set_status>
80002bac:	00000013          	nop
80002bb0:	01c12083          	lw	ra,28(sp)
80002bb4:	01812403          	lw	s0,24(sp)
80002bb8:	02010113          	addi	sp,sp,32
80002bbc:	00008067          	ret

80002bc0 <proc_set_pending>:
proc_set_pending():
80002bc0:	fe010113          	addi	sp,sp,-32
80002bc4:	00112e23          	sw	ra,28(sp)
80002bc8:	00812c23          	sw	s0,24(sp)
80002bcc:	02010413          	addi	s0,sp,32
80002bd0:	fea42623          	sw	a0,-20(s0)
80002bd4:	00500593          	li	a1,5
80002bd8:	fec42503          	lw	a0,-20(s0)
80002bdc:	eb5ff0ef          	jal	80002a90 <proc_set_status>
80002be0:	00000013          	nop
80002be4:	01c12083          	lw	ra,28(sp)
80002be8:	01812403          	lw	s0,24(sp)
80002bec:	02010113          	addi	sp,sp,32
80002bf0:	00008067          	ret

80002bf4 <proc_alloc>:
proc_alloc():
80002bf4:	fe010113          	addi	sp,sp,-32
80002bf8:	00112e23          	sw	ra,28(sp)
80002bfc:	00812c23          	sw	s0,24(sp)
80002c00:	02010413          	addi	s0,sp,32
80002c04:	00100793          	li	a5,1
80002c08:	fef42623          	sw	a5,-20(s0)
80002c0c:	1a00006f          	j	80002dac <proc_alloc+0x1b8>
80002c10:	8000a7b7          	lui	a5,0x8000a
80002c14:	61078713          	addi	a4,a5,1552 # 8000a610 <proc_set>
80002c18:	fec42683          	lw	a3,-20(s0)
80002c1c:	4c000793          	li	a5,1216
80002c20:	02f687b3          	mul	a5,a3,a5
80002c24:	00f707b3          	add	a5,a4,a5
80002c28:	4147a783          	lw	a5,1044(a5)
80002c2c:	16079a63          	bnez	a5,80002da0 <proc_alloc+0x1ac>
80002c30:	800087b7          	lui	a5,0x80008
80002c34:	6147a783          	lw	a5,1556(a5) # 80008614 <curr_pid.1>
80002c38:	00178713          	addi	a4,a5,1
80002c3c:	800087b7          	lui	a5,0x80008
80002c40:	60e7aa23          	sw	a4,1556(a5) # 80008614 <curr_pid.1>
80002c44:	800087b7          	lui	a5,0x80008
80002c48:	6147a783          	lw	a5,1556(a5) # 80008614 <curr_pid.1>
80002c4c:	00078613          	mv	a2,a5
80002c50:	8000a7b7          	lui	a5,0x8000a
80002c54:	61078713          	addi	a4,a5,1552 # 8000a610 <proc_set>
80002c58:	fec42683          	lw	a3,-20(s0)
80002c5c:	4c000793          	li	a5,1216
80002c60:	02f687b3          	mul	a5,a3,a5
80002c64:	00f707b3          	add	a5,a4,a5
80002c68:	00c7a023          	sw	a2,0(a5)
80002c6c:	8000a7b7          	lui	a5,0x8000a
80002c70:	61078713          	addi	a4,a5,1552 # 8000a610 <proc_set>
80002c74:	fec42683          	lw	a3,-20(s0)
80002c78:	4c000793          	li	a5,1216
80002c7c:	02f687b3          	mul	a5,a3,a5
80002c80:	00f707b3          	add	a5,a4,a5
80002c84:	00100713          	li	a4,1
80002c88:	40e7aa23          	sw	a4,1044(a5)
80002c8c:	8000a7b7          	lui	a5,0x8000a
80002c90:	61078713          	addi	a4,a5,1552 # 8000a610 <proc_set>
80002c94:	fec42683          	lw	a3,-20(s0)
80002c98:	4c000793          	li	a5,1216
80002c9c:	02f687b3          	mul	a5,a3,a5
80002ca0:	00f707b3          	add	a5,a4,a5
80002ca4:	4807ae23          	sw	zero,1180(a5)
80002ca8:	8000a7b7          	lui	a5,0x8000a
80002cac:	61078713          	addi	a4,a5,1552 # 8000a610 <proc_set>
80002cb0:	fec42683          	lw	a3,-20(s0)
80002cb4:	4c000793          	li	a5,1216
80002cb8:	02f687b3          	mul	a5,a3,a5
80002cbc:	00f707b3          	add	a5,a4,a5
80002cc0:	4a07a023          	sw	zero,1184(a5)
80002cc4:	8000a7b7          	lui	a5,0x8000a
80002cc8:	61078713          	addi	a4,a5,1552 # 8000a610 <proc_set>
80002ccc:	fec42683          	lw	a3,-20(s0)
80002cd0:	4c000793          	li	a5,1216
80002cd4:	02f687b3          	mul	a5,a3,a5
80002cd8:	00f707b3          	add	a5,a4,a5
80002cdc:	4a07a223          	sw	zero,1188(a5)
80002ce0:	8000a7b7          	lui	a5,0x8000a
80002ce4:	61078713          	addi	a4,a5,1552 # 8000a610 <proc_set>
80002ce8:	fec42683          	lw	a3,-20(s0)
80002cec:	4c000793          	li	a5,1216
80002cf0:	02f687b3          	mul	a5,a3,a5
80002cf4:	00f707b3          	add	a5,a4,a5
80002cf8:	4a07a423          	sw	zero,1192(a5)
80002cfc:	8000a7b7          	lui	a5,0x8000a
80002d00:	61078793          	addi	a5,a5,1552 # 8000a610 <proc_set>
80002d04:	4a87a703          	lw	a4,1192(a5)
80002d08:	8000a7b7          	lui	a5,0x8000a
80002d0c:	61078693          	addi	a3,a5,1552 # 8000a610 <proc_set>
80002d10:	fec42603          	lw	a2,-20(s0)
80002d14:	4c000793          	li	a5,1216
80002d18:	02f607b3          	mul	a5,a2,a5
80002d1c:	00f687b3          	add	a5,a3,a5
80002d20:	4ae7a623          	sw	a4,1196(a5)
80002d24:	8000a7b7          	lui	a5,0x8000a
80002d28:	61078713          	addi	a4,a5,1552 # 8000a610 <proc_set>
80002d2c:	fec42683          	lw	a3,-20(s0)
80002d30:	4c000793          	li	a5,1216
80002d34:	02f687b3          	mul	a5,a3,a5
80002d38:	00f707b3          	add	a5,a4,a5
80002d3c:	4a07a823          	sw	zero,1200(a5)
80002d40:	8000a7b7          	lui	a5,0x8000a
80002d44:	61078713          	addi	a4,a5,1552 # 8000a610 <proc_set>
80002d48:	fec42683          	lw	a3,-20(s0)
80002d4c:	4c000793          	li	a5,1216
80002d50:	02f687b3          	mul	a5,a3,a5
80002d54:	00f707b3          	add	a5,a4,a5
80002d58:	4a07aa23          	sw	zero,1204(a5)
80002d5c:	8000a7b7          	lui	a5,0x8000a
80002d60:	61078713          	addi	a4,a5,1552 # 8000a610 <proc_set>
80002d64:	fec42683          	lw	a3,-20(s0)
80002d68:	4c000793          	li	a5,1216
80002d6c:	02f687b3          	mul	a5,a3,a5
80002d70:	00f707b3          	add	a5,a4,a5
80002d74:	4a07ac23          	sw	zero,1208(a5)
80002d78:	8000a7b7          	lui	a5,0x8000a
80002d7c:	61078713          	addi	a4,a5,1552 # 8000a610 <proc_set>
80002d80:	fec42683          	lw	a3,-20(s0)
80002d84:	4c000793          	li	a5,1216
80002d88:	02f687b3          	mul	a5,a3,a5
80002d8c:	00f707b3          	add	a5,a4,a5
80002d90:	4a07ae23          	sw	zero,1212(a5)
80002d94:	800087b7          	lui	a5,0x80008
80002d98:	6147a783          	lw	a5,1556(a5) # 80008614 <curr_pid.1>
80002d9c:	02c0006f          	j	80002dc8 <proc_alloc+0x1d4>
80002da0:	fec42783          	lw	a5,-20(s0)
80002da4:	00178793          	addi	a5,a5,1
80002da8:	fef42623          	sw	a5,-20(s0)
80002dac:	fec42703          	lw	a4,-20(s0)
80002db0:	01000793          	li	a5,16
80002db4:	e4e7fee3          	bgeu	a5,a4,80002c10 <proc_alloc+0x1c>
80002db8:	01000593          	li	a1,16
80002dbc:	800087b7          	lui	a5,0x80008
80002dc0:	44478513          	addi	a0,a5,1092 # 80008444 <__modsi3+0x3f94>
80002dc4:	2c9000ef          	jal	8000388c <FATAL>
80002dc8:	00078513          	mv	a0,a5
80002dcc:	01c12083          	lw	ra,28(sp)
80002dd0:	01812403          	lw	s0,24(sp)
80002dd4:	02010113          	addi	sp,sp,32
80002dd8:	00008067          	ret

80002ddc <proc_free>:
proc_free():
80002ddc:	fd010113          	addi	sp,sp,-48
80002de0:	02112623          	sw	ra,44(sp)
80002de4:	02812423          	sw	s0,40(sp)
80002de8:	03010413          	addi	s0,sp,48
80002dec:	fca42e23          	sw	a0,-36(s0)
80002df0:	fdc42703          	lw	a4,-36(s0)
80002df4:	4c000793          	li	a5,1216
80002df8:	02f70733          	mul	a4,a4,a5
80002dfc:	8000a7b7          	lui	a5,0x8000a
80002e00:	61078793          	addi	a5,a5,1552 # 8000a610 <proc_set>
80002e04:	00f707b3          	add	a5,a4,a5
80002e08:	fef42423          	sw	a5,-24(s0)
80002e0c:	fdc42583          	lw	a1,-36(s0)
80002e10:	800087b7          	lui	a5,0x80008
80002e14:	47078513          	addi	a0,a5,1136 # 80008470 <__modsi3+0x3fc0>
80002e18:	0f9000ef          	jal	80003710 <my_printf>
80002e1c:	fe842783          	lw	a5,-24(s0)
80002e20:	49c7a783          	lw	a5,1180(a5)
80002e24:	00078593          	mv	a1,a5
80002e28:	800087b7          	lui	a5,0x80008
80002e2c:	48878513          	addi	a0,a5,1160 # 80008488 <__modsi3+0x3fd8>
80002e30:	0e1000ef          	jal	80003710 <my_printf>
80002e34:	fe842783          	lw	a5,-24(s0)
80002e38:	4a07a783          	lw	a5,1184(a5)
80002e3c:	00078593          	mv	a1,a5
80002e40:	800087b7          	lui	a5,0x80008
80002e44:	4a078513          	addi	a0,a5,1184 # 800084a0 <__modsi3+0x3ff0>
80002e48:	0c9000ef          	jal	80003710 <my_printf>
80002e4c:	fe842783          	lw	a5,-24(s0)
80002e50:	4a47a783          	lw	a5,1188(a5)
80002e54:	00078593          	mv	a1,a5
80002e58:	800087b7          	lui	a5,0x80008
80002e5c:	4b878513          	addi	a0,a5,1208 # 800084b8 <__modsi3+0x4008>
80002e60:	0b1000ef          	jal	80003710 <my_printf>
80002e64:	fe842783          	lw	a5,-24(s0)
80002e68:	4a87a783          	lw	a5,1192(a5)
80002e6c:	00078593          	mv	a1,a5
80002e70:	800087b7          	lui	a5,0x80008
80002e74:	4c878513          	addi	a0,a5,1224 # 800084c8 <__modsi3+0x4018>
80002e78:	099000ef          	jal	80003710 <my_printf>
80002e7c:	fdc42703          	lw	a4,-36(s0)
80002e80:	fff00793          	li	a5,-1
80002e84:	02f70463          	beq	a4,a5,80002eac <proc_free+0xd0>
80002e88:	800087b7          	lui	a5,0x80008
80002e8c:	5647a783          	lw	a5,1380(a5) # 80008564 <earth>
80002e90:	0047a783          	lw	a5,4(a5)
80002e94:	fdc42503          	lw	a0,-36(s0)
80002e98:	000780e7          	jalr	a5
80002e9c:	00000593          	li	a1,0
80002ea0:	fdc42503          	lw	a0,-36(s0)
80002ea4:	bedff0ef          	jal	80002a90 <proc_set_status>
80002ea8:	0b40006f          	j	80002f5c <proc_free+0x180>
80002eac:	fe042623          	sw	zero,-20(s0)
80002eb0:	0a00006f          	j	80002f50 <proc_free+0x174>
80002eb4:	8000a7b7          	lui	a5,0x8000a
80002eb8:	61078713          	addi	a4,a5,1552 # 8000a610 <proc_set>
80002ebc:	fec42683          	lw	a3,-20(s0)
80002ec0:	4c000793          	li	a5,1216
80002ec4:	02f687b3          	mul	a5,a3,a5
80002ec8:	00f707b3          	add	a5,a4,a5
80002ecc:	0007a703          	lw	a4,0(a5)
80002ed0:	00400793          	li	a5,4
80002ed4:	06e7d863          	bge	a5,a4,80002f44 <proc_free+0x168>
80002ed8:	8000a7b7          	lui	a5,0x8000a
80002edc:	61078713          	addi	a4,a5,1552 # 8000a610 <proc_set>
80002ee0:	fec42683          	lw	a3,-20(s0)
80002ee4:	4c000793          	li	a5,1216
80002ee8:	02f687b3          	mul	a5,a3,a5
80002eec:	00f707b3          	add	a5,a4,a5
80002ef0:	4147a783          	lw	a5,1044(a5)
80002ef4:	04078863          	beqz	a5,80002f44 <proc_free+0x168>
80002ef8:	800087b7          	lui	a5,0x80008
80002efc:	5647a783          	lw	a5,1380(a5) # 80008564 <earth>
80002f00:	0047a783          	lw	a5,4(a5)
80002f04:	8000a737          	lui	a4,0x8000a
80002f08:	61070693          	addi	a3,a4,1552 # 8000a610 <proc_set>
80002f0c:	fec42603          	lw	a2,-20(s0)
80002f10:	4c000713          	li	a4,1216
80002f14:	02e60733          	mul	a4,a2,a4
80002f18:	00e68733          	add	a4,a3,a4
80002f1c:	00072703          	lw	a4,0(a4)
80002f20:	00070513          	mv	a0,a4
80002f24:	000780e7          	jalr	a5
80002f28:	8000a7b7          	lui	a5,0x8000a
80002f2c:	61078713          	addi	a4,a5,1552 # 8000a610 <proc_set>
80002f30:	fec42683          	lw	a3,-20(s0)
80002f34:	4c000793          	li	a5,1216
80002f38:	02f687b3          	mul	a5,a3,a5
80002f3c:	00f707b3          	add	a5,a4,a5
80002f40:	4007aa23          	sw	zero,1044(a5)
80002f44:	fec42783          	lw	a5,-20(s0)
80002f48:	00178793          	addi	a5,a5,1
80002f4c:	fef42623          	sw	a5,-20(s0)
80002f50:	fec42703          	lw	a4,-20(s0)
80002f54:	00f00793          	li	a5,15
80002f58:	f4e7fee3          	bgeu	a5,a4,80002eb4 <proc_free+0xd8>
80002f5c:	00000013          	nop
80002f60:	02c12083          	lw	ra,44(sp)
80002f64:	02812403          	lw	s0,40(sp)
80002f68:	03010113          	addi	sp,sp,48
80002f6c:	00008067          	ret

80002f70 <mlfq_update_level>:
mlfq_update_level():
80002f70:	fd010113          	addi	sp,sp,-48
80002f74:	02112623          	sw	ra,44(sp)
80002f78:	02812423          	sw	s0,40(sp)
80002f7c:	03010413          	addi	s0,sp,48
80002f80:	fca42e23          	sw	a0,-36(s0)
80002f84:	fcb42823          	sw	a1,-48(s0)
80002f88:	fcc42a23          	sw	a2,-44(s0)
80002f8c:	fdc42783          	lw	a5,-36(s0)
80002f90:	4bc7a703          	lw	a4,1212(a5)
80002f94:	fd042783          	lw	a5,-48(s0)
80002f98:	00f70733          	add	a4,a4,a5
80002f9c:	fdc42783          	lw	a5,-36(s0)
80002fa0:	4ae7ae23          	sw	a4,1212(a5)
80002fa4:	fdc42783          	lw	a5,-36(s0)
80002fa8:	4b87a783          	lw	a5,1208(a5)
80002fac:	00178713          	addi	a4,a5,1
80002fb0:	00070793          	mv	a5,a4
80002fb4:	00279793          	slli	a5,a5,0x2
80002fb8:	00e787b3          	add	a5,a5,a4
80002fbc:	fef42623          	sw	a5,-20(s0)
80002fc0:	fdc42783          	lw	a5,-36(s0)
80002fc4:	4bc7a783          	lw	a5,1212(a5)
80002fc8:	fec42703          	lw	a4,-20(s0)
80002fcc:	02e7e863          	bltu	a5,a4,80002ffc <mlfq_update_level+0x8c>
80002fd0:	fdc42783          	lw	a5,-36(s0)
80002fd4:	4b87a703          	lw	a4,1208(a5)
80002fd8:	00300793          	li	a5,3
80002fdc:	02e7e063          	bltu	a5,a4,80002ffc <mlfq_update_level+0x8c>
80002fe0:	fdc42783          	lw	a5,-36(s0)
80002fe4:	4b87a783          	lw	a5,1208(a5)
80002fe8:	00178713          	addi	a4,a5,1
80002fec:	fdc42783          	lw	a5,-36(s0)
80002ff0:	4ae7ac23          	sw	a4,1208(a5)
80002ff4:	fdc42783          	lw	a5,-36(s0)
80002ff8:	4a07ae23          	sw	zero,1212(a5)
80002ffc:	00000013          	nop
80003000:	02c12083          	lw	ra,44(sp)
80003004:	02812403          	lw	s0,40(sp)
80003008:	03010113          	addi	sp,sp,48
8000300c:	00008067          	ret

80003010 <mlfq_reset_level>:
mlfq_reset_level():
80003010:	fe010113          	addi	sp,sp,-32
80003014:	00112e23          	sw	ra,28(sp)
80003018:	00812c23          	sw	s0,24(sp)
8000301c:	02010413          	addi	s0,sp,32
80003020:	800087b7          	lui	a5,0x80008
80003024:	5647a783          	lw	a5,1380(a5) # 80008564 <earth>
80003028:	0247a783          	lw	a5,36(a5)
8000302c:	000780e7          	jalr	a5
80003030:	00050793          	mv	a5,a0
80003034:	0a079063          	bnez	a5,800030d4 <mlfq_reset_level+0xc4>
80003038:	fe042623          	sw	zero,-20(s0)
8000303c:	08c0006f          	j	800030c8 <mlfq_reset_level+0xb8>
80003040:	8000a7b7          	lui	a5,0x8000a
80003044:	61078713          	addi	a4,a5,1552 # 8000a610 <proc_set>
80003048:	fec42683          	lw	a3,-20(s0)
8000304c:	4c000793          	li	a5,1216
80003050:	02f687b3          	mul	a5,a3,a5
80003054:	00f707b3          	add	a5,a4,a5
80003058:	0007a703          	lw	a4,0(a5)
8000305c:	00400793          	li	a5,4
80003060:	04f71e63          	bne	a4,a5,800030bc <mlfq_reset_level+0xac>
80003064:	8000a7b7          	lui	a5,0x8000a
80003068:	61078713          	addi	a4,a5,1552 # 8000a610 <proc_set>
8000306c:	fec42683          	lw	a3,-20(s0)
80003070:	4c000793          	li	a5,1216
80003074:	02f687b3          	mul	a5,a3,a5
80003078:	00f707b3          	add	a5,a4,a5
8000307c:	4147a783          	lw	a5,1044(a5)
80003080:	02078e63          	beqz	a5,800030bc <mlfq_reset_level+0xac>
80003084:	8000a7b7          	lui	a5,0x8000a
80003088:	61078713          	addi	a4,a5,1552 # 8000a610 <proc_set>
8000308c:	fec42683          	lw	a3,-20(s0)
80003090:	4c000793          	li	a5,1216
80003094:	02f687b3          	mul	a5,a3,a5
80003098:	00f707b3          	add	a5,a4,a5
8000309c:	4a07ac23          	sw	zero,1208(a5)
800030a0:	8000a7b7          	lui	a5,0x8000a
800030a4:	61078713          	addi	a4,a5,1552 # 8000a610 <proc_set>
800030a8:	fec42683          	lw	a3,-20(s0)
800030ac:	4c000793          	li	a5,1216
800030b0:	02f687b3          	mul	a5,a3,a5
800030b4:	00f707b3          	add	a5,a4,a5
800030b8:	4a07ae23          	sw	zero,1212(a5)
800030bc:	fec42783          	lw	a5,-20(s0)
800030c0:	00178793          	addi	a5,a5,1
800030c4:	fef42623          	sw	a5,-20(s0)
800030c8:	fec42703          	lw	a4,-20(s0)
800030cc:	00f00793          	li	a5,15
800030d0:	f6e7f8e3          	bgeu	a5,a4,80003040 <mlfq_reset_level+0x30>
800030d4:	8000a7b7          	lui	a5,0x8000a
800030d8:	61078793          	addi	a5,a5,1552 # 8000a610 <proc_set>
800030dc:	4a87a783          	lw	a5,1192(a5)
800030e0:	fef42223          	sw	a5,-28(s0)
800030e4:	800087b7          	lui	a5,0x80008
800030e8:	6187a783          	lw	a5,1560(a5) # 80008618 <last_reset_tick.0>
800030ec:	fe442703          	lw	a4,-28(s0)
800030f0:	40f70733          	sub	a4,a4,a5
800030f4:	1f300793          	li	a5,499
800030f8:	08e7f463          	bgeu	a5,a4,80003180 <mlfq_reset_level+0x170>
800030fc:	fe042423          	sw	zero,-24(s0)
80003100:	0680006f          	j	80003168 <mlfq_reset_level+0x158>
80003104:	8000a7b7          	lui	a5,0x8000a
80003108:	61078713          	addi	a4,a5,1552 # 8000a610 <proc_set>
8000310c:	fe842683          	lw	a3,-24(s0)
80003110:	4c000793          	li	a5,1216
80003114:	02f687b3          	mul	a5,a3,a5
80003118:	00f707b3          	add	a5,a4,a5
8000311c:	4147a783          	lw	a5,1044(a5)
80003120:	02078e63          	beqz	a5,8000315c <mlfq_reset_level+0x14c>
80003124:	8000a7b7          	lui	a5,0x8000a
80003128:	61078713          	addi	a4,a5,1552 # 8000a610 <proc_set>
8000312c:	fe842683          	lw	a3,-24(s0)
80003130:	4c000793          	li	a5,1216
80003134:	02f687b3          	mul	a5,a3,a5
80003138:	00f707b3          	add	a5,a4,a5
8000313c:	4a07ac23          	sw	zero,1208(a5)
80003140:	8000a7b7          	lui	a5,0x8000a
80003144:	61078713          	addi	a4,a5,1552 # 8000a610 <proc_set>
80003148:	fe842683          	lw	a3,-24(s0)
8000314c:	4c000793          	li	a5,1216
80003150:	02f687b3          	mul	a5,a3,a5
80003154:	00f707b3          	add	a5,a4,a5
80003158:	4a07ae23          	sw	zero,1212(a5)
8000315c:	fe842783          	lw	a5,-24(s0)
80003160:	00178793          	addi	a5,a5,1
80003164:	fef42423          	sw	a5,-24(s0)
80003168:	fe842703          	lw	a4,-24(s0)
8000316c:	00f00793          	li	a5,15
80003170:	f8e7fae3          	bgeu	a5,a4,80003104 <mlfq_reset_level+0xf4>
80003174:	800087b7          	lui	a5,0x80008
80003178:	fe442703          	lw	a4,-28(s0)
8000317c:	60e7ac23          	sw	a4,1560(a5) # 80008618 <last_reset_tick.0>
80003180:	00000013          	nop
80003184:	01c12083          	lw	ra,28(sp)
80003188:	01812403          	lw	s0,24(sp)
8000318c:	02010113          	addi	sp,sp,32
80003190:	00008067          	ret

80003194 <elf_load>:
elf_load():
80003194:	b9010113          	addi	sp,sp,-1136
80003198:	46112623          	sw	ra,1132(sp)
8000319c:	46812423          	sw	s0,1128(sp)
800031a0:	47010413          	addi	s0,sp,1136
800031a4:	b8a42e23          	sw	a0,-1124(s0)
800031a8:	b8b42c23          	sw	a1,-1128(s0)
800031ac:	b8c42a23          	sw	a2,-1132(s0)
800031b0:	b8d42823          	sw	a3,-1136(s0)
800031b4:	da440713          	addi	a4,s0,-604
800031b8:	b9842783          	lw	a5,-1128(s0)
800031bc:	00070593          	mv	a1,a4
800031c0:	00000513          	li	a0,0
800031c4:	000780e7          	jalr	a5
800031c8:	da440793          	addi	a5,s0,-604
800031cc:	fcf42823          	sw	a5,-48(s0)
800031d0:	fd042783          	lw	a5,-48(s0)
800031d4:	01c7a783          	lw	a5,28(a5)
800031d8:	da440713          	addi	a4,s0,-604
800031dc:	00f707b3          	add	a5,a4,a5
800031e0:	fcf42623          	sw	a5,-52(s0)
800031e4:	fe042623          	sw	zero,-20(s0)
800031e8:	2400006f          	j	80003428 <elf_load+0x294>
800031ec:	fec42783          	lw	a5,-20(s0)
800031f0:	00579793          	slli	a5,a5,0x5
800031f4:	fcc42703          	lw	a4,-52(s0)
800031f8:	00f707b3          	add	a5,a4,a5
800031fc:	0087a783          	lw	a5,8(a5)
80003200:	faf42c23          	sw	a5,-72(s0)
80003204:	fb842783          	lw	a5,-72(s0)
80003208:	2007d863          	bgez	a5,80003418 <elf_load+0x284>
8000320c:	fec42783          	lw	a5,-20(s0)
80003210:	00579793          	slli	a5,a5,0x5
80003214:	fcc42703          	lw	a4,-52(s0)
80003218:	00f707b3          	add	a5,a4,a5
8000321c:	0147a783          	lw	a5,20(a5)
80003220:	faf42a23          	sw	a5,-76(s0)
80003224:	fec42783          	lw	a5,-20(s0)
80003228:	00579793          	slli	a5,a5,0x5
8000322c:	fcc42703          	lw	a4,-52(s0)
80003230:	00f707b3          	add	a5,a4,a5
80003234:	0107a783          	lw	a5,16(a5)
80003238:	faf42823          	sw	a5,-80(s0)
8000323c:	fb842783          	lw	a5,-72(s0)
80003240:	00c7d793          	srli	a5,a5,0xc
80003244:	fef42423          	sw	a5,-24(s0)
80003248:	fb842703          	lw	a4,-72(s0)
8000324c:	fb442783          	lw	a5,-76(s0)
80003250:	00f707b3          	add	a5,a4,a5
80003254:	00c7d793          	srli	a5,a5,0xc
80003258:	faf42623          	sw	a5,-84(s0)
8000325c:	fec42783          	lw	a5,-20(s0)
80003260:	00579793          	slli	a5,a5,0x5
80003264:	fcc42703          	lw	a4,-52(s0)
80003268:	00f707b3          	add	a5,a4,a5
8000326c:	0047a783          	lw	a5,4(a5)
80003270:	0097d793          	srli	a5,a5,0x9
80003274:	fef42223          	sw	a5,-28(s0)
80003278:	fc042e23          	sw	zero,-36(s0)
8000327c:	1000006f          	j	8000337c <elf_load+0x1e8>
80003280:	fdc42703          	lw	a4,-36(s0)
80003284:	000017b7          	lui	a5,0x1
80003288:	fff78793          	addi	a5,a5,-1 # fff <boot_loader-0x7ffff001>
8000328c:	00f777b3          	and	a5,a4,a5
80003290:	06079063          	bnez	a5,800032f0 <elf_load+0x15c>
80003294:	800087b7          	lui	a5,0x80008
80003298:	5647a783          	lw	a5,1380(a5) # 80008564 <earth>
8000329c:	0007a783          	lw	a5,0(a5)
800032a0:	000780e7          	jalr	a5
800032a4:	fea42023          	sw	a0,-32(s0)
800032a8:	800087b7          	lui	a5,0x80008
800032ac:	5647a783          	lw	a5,1380(a5) # 80008564 <earth>
800032b0:	0107a703          	lw	a4,16(a5)
800032b4:	fe842783          	lw	a5,-24(s0)
800032b8:	00178693          	addi	a3,a5,1
800032bc:	fed42423          	sw	a3,-24(s0)
800032c0:	fe042603          	lw	a2,-32(s0)
800032c4:	00078593          	mv	a1,a5
800032c8:	b9c42503          	lw	a0,-1124(s0)
800032cc:	000700e7          	jalr	a4
800032d0:	fe042783          	lw	a5,-32(s0)
800032d4:	00c79713          	slli	a4,a5,0xc
800032d8:	804007b7          	lui	a5,0x80400
800032dc:	00f707b3          	add	a5,a4,a5
800032e0:	00001637          	lui	a2,0x1
800032e4:	00000593          	li	a1,0
800032e8:	00078513          	mv	a0,a5
800032ec:	60d000ef          	jal	800040f8 <memset>
800032f0:	fdc42783          	lw	a5,-36(s0)
800032f4:	20078793          	addi	a5,a5,512 # 80400200 <__heap_end+0x300200>
800032f8:	fb042703          	lw	a4,-80(s0)
800032fc:	00e7ea63          	bltu	a5,a4,80003310 <elf_load+0x17c>
80003300:	fb042703          	lw	a4,-80(s0)
80003304:	fdc42783          	lw	a5,-36(s0)
80003308:	40f707b3          	sub	a5,a4,a5
8000330c:	0080006f          	j	80003314 <elf_load+0x180>
80003310:	20000793          	li	a5,512
80003314:	faf42223          	sw	a5,-92(s0)
80003318:	fe442783          	lw	a5,-28(s0)
8000331c:	00178713          	addi	a4,a5,1
80003320:	fee42223          	sw	a4,-28(s0)
80003324:	ba440693          	addi	a3,s0,-1116
80003328:	b9842703          	lw	a4,-1128(s0)
8000332c:	00068593          	mv	a1,a3
80003330:	00078513          	mv	a0,a5
80003334:	000700e7          	jalr	a4
80003338:	fe042783          	lw	a5,-32(s0)
8000333c:	00c79713          	slli	a4,a5,0xc
80003340:	fdc42683          	lw	a3,-36(s0)
80003344:	000017b7          	lui	a5,0x1
80003348:	fff78793          	addi	a5,a5,-1 # fff <boot_loader-0x7ffff001>
8000334c:	00f6f7b3          	and	a5,a3,a5
80003350:	00f70733          	add	a4,a4,a5
80003354:	804007b7          	lui	a5,0x80400
80003358:	00f707b3          	add	a5,a4,a5
8000335c:	ba440713          	addi	a4,s0,-1116
80003360:	fa442603          	lw	a2,-92(s0)
80003364:	00070593          	mv	a1,a4
80003368:	00078513          	mv	a0,a5
8000336c:	669000ef          	jal	800041d4 <memcpy>
80003370:	fdc42783          	lw	a5,-36(s0)
80003374:	20078793          	addi	a5,a5,512 # 80400200 <__heap_end+0x300200>
80003378:	fcf42e23          	sw	a5,-36(s0)
8000337c:	fdc42703          	lw	a4,-36(s0)
80003380:	fb042783          	lw	a5,-80(s0)
80003384:	eef76ee3          	bltu	a4,a5,80003280 <elf_load+0xec>
80003388:	0600006f          	j	800033e8 <elf_load+0x254>
8000338c:	800087b7          	lui	a5,0x80008
80003390:	5647a783          	lw	a5,1380(a5) # 80008564 <earth>
80003394:	0007a783          	lw	a5,0(a5)
80003398:	000780e7          	jalr	a5
8000339c:	faa42423          	sw	a0,-88(s0)
800033a0:	800087b7          	lui	a5,0x80008
800033a4:	5647a783          	lw	a5,1380(a5) # 80008564 <earth>
800033a8:	0107a703          	lw	a4,16(a5)
800033ac:	fe842783          	lw	a5,-24(s0)
800033b0:	00178693          	addi	a3,a5,1
800033b4:	fed42423          	sw	a3,-24(s0)
800033b8:	fa842603          	lw	a2,-88(s0)
800033bc:	00078593          	mv	a1,a5
800033c0:	b9c42503          	lw	a0,-1124(s0)
800033c4:	000700e7          	jalr	a4
800033c8:	fa842783          	lw	a5,-88(s0)
800033cc:	00c79713          	slli	a4,a5,0xc
800033d0:	804007b7          	lui	a5,0x80400
800033d4:	00f707b3          	add	a5,a4,a5
800033d8:	00001637          	lui	a2,0x1
800033dc:	00000593          	li	a1,0
800033e0:	00078513          	mv	a0,a5
800033e4:	515000ef          	jal	800040f8 <memset>
800033e8:	fe842703          	lw	a4,-24(s0)
800033ec:	fac42783          	lw	a5,-84(s0)
800033f0:	f8f76ee3          	bltu	a4,a5,8000338c <elf_load+0x1f8>
800033f4:	b9c42703          	lw	a4,-1124(s0)
800033f8:	00400793          	li	a5,4
800033fc:	02e7c063          	blt	a5,a4,8000341c <elf_load+0x288>
80003400:	fb842603          	lw	a2,-72(s0)
80003404:	fb042583          	lw	a1,-80(s0)
80003408:	800087b7          	lui	a5,0x80008
8000340c:	4dc78513          	addi	a0,a5,1244 # 800084dc <__modsi3+0x402c>
80003410:	398000ef          	jal	800037a8 <INFO>
80003414:	0080006f          	j	8000341c <elf_load+0x288>
80003418:	00000013          	nop
8000341c:	fec42783          	lw	a5,-20(s0)
80003420:	00178793          	addi	a5,a5,1
80003424:	fef42623          	sw	a5,-20(s0)
80003428:	fd042783          	lw	a5,-48(s0)
8000342c:	02c7d783          	lhu	a5,44(a5)
80003430:	00078713          	mv	a4,a5
80003434:	fec42783          	lw	a5,-20(s0)
80003438:	dae7eae3          	bltu	a5,a4,800031ec <elf_load+0x58>
8000343c:	800087b7          	lui	a5,0x80008
80003440:	5647a783          	lw	a5,1380(a5) # 80008564 <earth>
80003444:	0007a783          	lw	a5,0(a5)
80003448:	000780e7          	jalr	a5
8000344c:	fca42423          	sw	a0,-56(s0)
80003450:	800087b7          	lui	a5,0x80008
80003454:	5647a783          	lw	a5,1380(a5) # 80008564 <earth>
80003458:	0107a783          	lw	a5,16(a5)
8000345c:	fc842603          	lw	a2,-56(s0)
80003460:	00080737          	lui	a4,0x80
80003464:	30070593          	addi	a1,a4,768 # 80300 <boot_loader-0x7ff7fd00>
80003468:	b9c42503          	lw	a0,-1124(s0)
8000346c:	000780e7          	jalr	a5
80003470:	fc842783          	lw	a5,-56(s0)
80003474:	00c79713          	slli	a4,a5,0xc
80003478:	804007b7          	lui	a5,0x80400
8000347c:	00f707b3          	add	a5,a4,a5
80003480:	fcf42223          	sw	a5,-60(s0)
80003484:	fc442783          	lw	a5,-60(s0)
80003488:	00478793          	addi	a5,a5,4 # 80400004 <__heap_end+0x300004>
8000348c:	fcf42023          	sw	a5,-64(s0)
80003490:	fc042783          	lw	a5,-64(s0)
80003494:	04078793          	addi	a5,a5,64
80003498:	faf42e23          	sw	a5,-68(s0)
8000349c:	fc442783          	lw	a5,-60(s0)
800034a0:	b9442703          	lw	a4,-1132(s0)
800034a4:	00e7a023          	sw	a4,0(a5)
800034a8:	b9042783          	lw	a5,-1136(s0)
800034ac:	00078e63          	beqz	a5,800034c8 <elf_load+0x334>
800034b0:	b9442783          	lw	a5,-1132(s0)
800034b4:	00579793          	slli	a5,a5,0x5
800034b8:	00078613          	mv	a2,a5
800034bc:	b9042583          	lw	a1,-1136(s0)
800034c0:	fbc42503          	lw	a0,-68(s0)
800034c4:	511000ef          	jal	800041d4 <memcpy>
800034c8:	fc042c23          	sw	zero,-40(s0)
800034cc:	03c0006f          	j	80003508 <elf_load+0x374>
800034d0:	fd842783          	lw	a5,-40(s0)
800034d4:	00579713          	slli	a4,a5,0x5
800034d8:	803007b7          	lui	a5,0x80300
800034dc:	04478793          	addi	a5,a5,68 # 80300044 <__heap_end+0x200044>
800034e0:	00f706b3          	add	a3,a4,a5
800034e4:	fd842783          	lw	a5,-40(s0)
800034e8:	00279793          	slli	a5,a5,0x2
800034ec:	fc042703          	lw	a4,-64(s0)
800034f0:	00f707b3          	add	a5,a4,a5
800034f4:	00068713          	mv	a4,a3
800034f8:	00e7a023          	sw	a4,0(a5)
800034fc:	fd842783          	lw	a5,-40(s0)
80003500:	00178793          	addi	a5,a5,1
80003504:	fcf42c23          	sw	a5,-40(s0)
80003508:	b9442783          	lw	a5,-1132(s0)
8000350c:	fd842703          	lw	a4,-40(s0)
80003510:	fcf760e3          	bltu	a4,a5,800034d0 <elf_load+0x33c>
80003514:	800087b7          	lui	a5,0x80008
80003518:	5647a783          	lw	a5,1380(a5) # 80008564 <earth>
8000351c:	0007a783          	lw	a5,0(a5)
80003520:	000780e7          	jalr	a5
80003524:	fca42423          	sw	a0,-56(s0)
80003528:	800087b7          	lui	a5,0x80008
8000352c:	5647a783          	lw	a5,1380(a5) # 80008564 <earth>
80003530:	0107a783          	lw	a5,16(a5)
80003534:	fc842603          	lw	a2,-56(s0)
80003538:	00080737          	lui	a4,0x80
8000353c:	30170593          	addi	a1,a4,769 # 80301 <boot_loader-0x7ff7fcff>
80003540:	b9c42503          	lw	a0,-1124(s0)
80003544:	000780e7          	jalr	a5
80003548:	00100793          	li	a5,1
8000354c:	fcf42a23          	sw	a5,-44(s0)
80003550:	0500006f          	j	800035a0 <elf_load+0x40c>
80003554:	800087b7          	lui	a5,0x80008
80003558:	5647a783          	lw	a5,1380(a5) # 80008564 <earth>
8000355c:	0007a783          	lw	a5,0(a5)
80003560:	000780e7          	jalr	a5
80003564:	fca42423          	sw	a0,-56(s0)
80003568:	800087b7          	lui	a5,0x80008
8000356c:	5647a783          	lw	a5,1380(a5) # 80008564 <earth>
80003570:	0107a783          	lw	a5,16(a5)
80003574:	00080737          	lui	a4,0x80
80003578:	40070693          	addi	a3,a4,1024 # 80400 <boot_loader-0x7ff7fc00>
8000357c:	fd442703          	lw	a4,-44(s0)
80003580:	40e68733          	sub	a4,a3,a4
80003584:	fc842603          	lw	a2,-56(s0)
80003588:	00070593          	mv	a1,a4
8000358c:	b9c42503          	lw	a0,-1124(s0)
80003590:	000780e7          	jalr	a5
80003594:	fd442783          	lw	a5,-44(s0)
80003598:	00178793          	addi	a5,a5,1
8000359c:	fcf42a23          	sw	a5,-44(s0)
800035a0:	fd442703          	lw	a4,-44(s0)
800035a4:	00200793          	li	a5,2
800035a8:	fae7f6e3          	bgeu	a5,a4,80003554 <elf_load+0x3c0>
800035ac:	00000013          	nop
800035b0:	00000013          	nop
800035b4:	46c12083          	lw	ra,1132(sp)
800035b8:	46812403          	lw	s0,1128(sp)
800035bc:	47010113          	addi	sp,sp,1136
800035c0:	00008067          	ret

800035c4 <format_to_str>:
format_to_str():
800035c4:	fe010113          	addi	sp,sp,-32
800035c8:	00112e23          	sw	ra,28(sp)
800035cc:	00812c23          	sw	s0,24(sp)
800035d0:	00912a23          	sw	s1,20(sp)
800035d4:	02010413          	addi	s0,sp,32
800035d8:	fea42623          	sw	a0,-20(s0)
800035dc:	feb42423          	sw	a1,-24(s0)
800035e0:	fec42223          	sw	a2,-28(s0)
800035e4:	fec42783          	lw	a5,-20(s0)
800035e8:	00078023          	sb	zero,0(a5)
800035ec:	0fc0006f          	j	800036e8 <format_to_str+0x124>
800035f0:	fe842783          	lw	a5,-24(s0)
800035f4:	0007c703          	lbu	a4,0(a5)
800035f8:	02500793          	li	a5,37
800035fc:	00f70c63          	beq	a4,a5,80003614 <format_to_str+0x50>
80003600:	00100613          	li	a2,1
80003604:	fe842583          	lw	a1,-24(s0)
80003608:	fec42503          	lw	a0,-20(s0)
8000360c:	241000ef          	jal	8000404c <strncat>
80003610:	0cc0006f          	j	800036dc <format_to_str+0x118>
80003614:	fe842783          	lw	a5,-24(s0)
80003618:	00178793          	addi	a5,a5,1
8000361c:	fef42423          	sw	a5,-24(s0)
80003620:	fe842783          	lw	a5,-24(s0)
80003624:	0007c703          	lbu	a4,0(a5)
80003628:	07300793          	li	a5,115
8000362c:	02f71263          	bne	a4,a5,80003650 <format_to_str+0x8c>
80003630:	fe442783          	lw	a5,-28(s0)
80003634:	00478713          	addi	a4,a5,4
80003638:	fee42223          	sw	a4,-28(s0)
8000363c:	0007a783          	lw	a5,0(a5)
80003640:	00078593          	mv	a1,a5
80003644:	fec42503          	lw	a0,-20(s0)
80003648:	165000ef          	jal	80003fac <strcat>
8000364c:	0900006f          	j	800036dc <format_to_str+0x118>
80003650:	fe842783          	lw	a5,-24(s0)
80003654:	0007c703          	lbu	a4,0(a5)
80003658:	06400793          	li	a5,100
8000365c:	02f71e63          	bne	a4,a5,80003698 <format_to_str+0xd4>
80003660:	fe442783          	lw	a5,-28(s0)
80003664:	00478713          	addi	a4,a5,4
80003668:	fee42223          	sw	a4,-28(s0)
8000366c:	0007a483          	lw	s1,0(a5)
80003670:	fec42503          	lw	a0,-20(s0)
80003674:	489000ef          	jal	800042fc <strlen>
80003678:	00050713          	mv	a4,a0
8000367c:	fec42783          	lw	a5,-20(s0)
80003680:	00e787b3          	add	a5,a5,a4
80003684:	00a00613          	li	a2,10
80003688:	00078593          	mv	a1,a5
8000368c:	00048513          	mv	a0,s1
80003690:	758000ef          	jal	80003de8 <itoa>
80003694:	0480006f          	j	800036dc <format_to_str+0x118>
80003698:	fe842783          	lw	a5,-24(s0)
8000369c:	0007c703          	lbu	a4,0(a5)
800036a0:	07800793          	li	a5,120
800036a4:	02f71c63          	bne	a4,a5,800036dc <format_to_str+0x118>
800036a8:	fe442783          	lw	a5,-28(s0)
800036ac:	00478713          	addi	a4,a5,4
800036b0:	fee42223          	sw	a4,-28(s0)
800036b4:	0007a483          	lw	s1,0(a5)
800036b8:	fec42503          	lw	a0,-20(s0)
800036bc:	441000ef          	jal	800042fc <strlen>
800036c0:	00050713          	mv	a4,a0
800036c4:	fec42783          	lw	a5,-20(s0)
800036c8:	00e787b3          	add	a5,a5,a4
800036cc:	01000613          	li	a2,16
800036d0:	00078593          	mv	a1,a5
800036d4:	00048513          	mv	a0,s1
800036d8:	710000ef          	jal	80003de8 <itoa>
800036dc:	fe842783          	lw	a5,-24(s0)
800036e0:	00178793          	addi	a5,a5,1
800036e4:	fef42423          	sw	a5,-24(s0)
800036e8:	fe842783          	lw	a5,-24(s0)
800036ec:	0007c783          	lbu	a5,0(a5)
800036f0:	f00790e3          	bnez	a5,800035f0 <format_to_str+0x2c>
800036f4:	00000013          	nop
800036f8:	00000013          	nop
800036fc:	01c12083          	lw	ra,28(sp)
80003700:	01812403          	lw	s0,24(sp)
80003704:	01412483          	lw	s1,20(sp)
80003708:	02010113          	addi	sp,sp,32
8000370c:	00008067          	ret

80003710 <my_printf>:
my_printf():
80003710:	db010113          	addi	sp,sp,-592
80003714:	22112623          	sw	ra,556(sp)
80003718:	22812423          	sw	s0,552(sp)
8000371c:	23010413          	addi	s0,sp,560
80003720:	dca42e23          	sw	a0,-548(s0)
80003724:	00b42223          	sw	a1,4(s0)
80003728:	00c42423          	sw	a2,8(s0)
8000372c:	00d42623          	sw	a3,12(s0)
80003730:	00e42823          	sw	a4,16(s0)
80003734:	00f42a23          	sw	a5,20(s0)
80003738:	01042c23          	sw	a6,24(s0)
8000373c:	01142e23          	sw	a7,28(s0)
80003740:	de040823          	sb	zero,-528(s0)
80003744:	02040793          	addi	a5,s0,32
80003748:	dcf42c23          	sw	a5,-552(s0)
8000374c:	dd842783          	lw	a5,-552(s0)
80003750:	fe478793          	addi	a5,a5,-28
80003754:	def42623          	sw	a5,-532(s0)
80003758:	dec42703          	lw	a4,-532(s0)
8000375c:	df040793          	addi	a5,s0,-528
80003760:	00070613          	mv	a2,a4
80003764:	ddc42583          	lw	a1,-548(s0)
80003768:	00078513          	mv	a0,a5
8000376c:	e59ff0ef          	jal	800035c4 <format_to_str>
80003770:	df040793          	addi	a5,s0,-528
80003774:	00078513          	mv	a0,a5
80003778:	385000ef          	jal	800042fc <strlen>
8000377c:	00050713          	mv	a4,a0
80003780:	df040793          	addi	a5,s0,-528
80003784:	00070593          	mv	a1,a4
80003788:	00078513          	mv	a0,a5
8000378c:	4e8000ef          	jal	80003c74 <term_write>
80003790:	00000013          	nop
80003794:	00078513          	mv	a0,a5
80003798:	22c12083          	lw	ra,556(sp)
8000379c:	22812403          	lw	s0,552(sp)
800037a0:	25010113          	addi	sp,sp,592
800037a4:	00008067          	ret

800037a8 <INFO>:
INFO():
800037a8:	db010113          	addi	sp,sp,-592
800037ac:	22112623          	sw	ra,556(sp)
800037b0:	22812423          	sw	s0,552(sp)
800037b4:	23010413          	addi	s0,sp,560
800037b8:	dca42e23          	sw	a0,-548(s0)
800037bc:	00b42223          	sw	a1,4(s0)
800037c0:	00c42423          	sw	a2,8(s0)
800037c4:	00d42623          	sw	a3,12(s0)
800037c8:	00e42823          	sw	a4,16(s0)
800037cc:	00f42a23          	sw	a5,20(s0)
800037d0:	01042c23          	sw	a6,24(s0)
800037d4:	01142e23          	sw	a7,28(s0)
800037d8:	df040793          	addi	a5,s0,-528
800037dc:	464e5737          	lui	a4,0x464e5
800037e0:	95b70713          	addi	a4,a4,-1701 # 464e495b <boot_loader-0x39b1b6a5>
800037e4:	00e7a023          	sw	a4,0(a5)
800037e8:	00206737          	lui	a4,0x206
800037ec:	d4f70713          	addi	a4,a4,-689 # 205d4f <boot_loader-0x7fdfa2b1>
800037f0:	00e7a223          	sw	a4,4(a5)
800037f4:	02040793          	addi	a5,s0,32
800037f8:	dcf42c23          	sw	a5,-552(s0)
800037fc:	dd842783          	lw	a5,-552(s0)
80003800:	fe478793          	addi	a5,a5,-28
80003804:	def42623          	sw	a5,-532(s0)
80003808:	df040793          	addi	a5,s0,-528
8000380c:	00778793          	addi	a5,a5,7
80003810:	dec42703          	lw	a4,-532(s0)
80003814:	00070613          	mv	a2,a4
80003818:	ddc42583          	lw	a1,-548(s0)
8000381c:	00078513          	mv	a0,a5
80003820:	da5ff0ef          	jal	800035c4 <format_to_str>
80003824:	df040793          	addi	a5,s0,-528
80003828:	00078513          	mv	a0,a5
8000382c:	2d1000ef          	jal	800042fc <strlen>
80003830:	00050793          	mv	a5,a0
80003834:	00078713          	mv	a4,a5
80003838:	df040793          	addi	a5,s0,-528
8000383c:	00e787b3          	add	a5,a5,a4
80003840:	00a00713          	li	a4,10
80003844:	00e78023          	sb	a4,0(a5)
80003848:	00d00713          	li	a4,13
8000384c:	00e780a3          	sb	a4,1(a5)
80003850:	00078123          	sb	zero,2(a5)
80003854:	df040793          	addi	a5,s0,-528
80003858:	00078513          	mv	a0,a5
8000385c:	2a1000ef          	jal	800042fc <strlen>
80003860:	00050713          	mv	a4,a0
80003864:	df040793          	addi	a5,s0,-528
80003868:	00070593          	mv	a1,a4
8000386c:	00078513          	mv	a0,a5
80003870:	404000ef          	jal	80003c74 <term_write>
80003874:	00000013          	nop
80003878:	00078513          	mv	a0,a5
8000387c:	22c12083          	lw	ra,556(sp)
80003880:	22812403          	lw	s0,552(sp)
80003884:	25010113          	addi	sp,sp,592
80003888:	00008067          	ret

8000388c <FATAL>:
FATAL():
8000388c:	db010113          	addi	sp,sp,-592
80003890:	22112623          	sw	ra,556(sp)
80003894:	22812423          	sw	s0,552(sp)
80003898:	23010413          	addi	s0,sp,560
8000389c:	dca42e23          	sw	a0,-548(s0)
800038a0:	00b42223          	sw	a1,4(s0)
800038a4:	00c42423          	sw	a2,8(s0)
800038a8:	00d42623          	sw	a3,12(s0)
800038ac:	00e42823          	sw	a4,16(s0)
800038b0:	00f42a23          	sw	a5,20(s0)
800038b4:	01042c23          	sw	a6,24(s0)
800038b8:	01142e23          	sw	a7,28(s0)
800038bc:	df040793          	addi	a5,s0,-528
800038c0:	80008737          	lui	a4,0x80008
800038c4:	4f470713          	addi	a4,a4,1268 # 800084f4 <__modsi3+0x4044>
800038c8:	00072583          	lw	a1,0(a4)
800038cc:	00472603          	lw	a2,4(a4)
800038d0:	00872683          	lw	a3,8(a4)
800038d4:	00c72703          	lw	a4,12(a4)
800038d8:	00b7a023          	sw	a1,0(a5)
800038dc:	00c7a223          	sw	a2,4(a5)
800038e0:	00d7a423          	sw	a3,8(a5)
800038e4:	00e7a623          	sw	a4,12(a5)
800038e8:	02040793          	addi	a5,s0,32
800038ec:	dcf42c23          	sw	a5,-552(s0)
800038f0:	dd842783          	lw	a5,-552(s0)
800038f4:	fe478793          	addi	a5,a5,-28
800038f8:	def42623          	sw	a5,-532(s0)
800038fc:	df040793          	addi	a5,s0,-528
80003900:	00f78793          	addi	a5,a5,15
80003904:	dec42703          	lw	a4,-532(s0)
80003908:	00070613          	mv	a2,a4
8000390c:	ddc42583          	lw	a1,-548(s0)
80003910:	00078513          	mv	a0,a5
80003914:	cb1ff0ef          	jal	800035c4 <format_to_str>
80003918:	df040793          	addi	a5,s0,-528
8000391c:	00078513          	mv	a0,a5
80003920:	1dd000ef          	jal	800042fc <strlen>
80003924:	00050793          	mv	a5,a0
80003928:	00078713          	mv	a4,a5
8000392c:	df040793          	addi	a5,s0,-528
80003930:	00e787b3          	add	a5,a5,a4
80003934:	80008737          	lui	a4,0x80008
80003938:	50470713          	addi	a4,a4,1284 # 80008504 <__modsi3+0x4054>
8000393c:	00074683          	lbu	a3,0(a4)
80003940:	00068e13          	mv	t3,a3
80003944:	00174683          	lbu	a3,1(a4)
80003948:	00068313          	mv	t1,a3
8000394c:	00274683          	lbu	a3,2(a4)
80003950:	00068893          	mv	a7,a3
80003954:	00374683          	lbu	a3,3(a4)
80003958:	00068813          	mv	a6,a3
8000395c:	00474683          	lbu	a3,4(a4)
80003960:	00068513          	mv	a0,a3
80003964:	00574683          	lbu	a3,5(a4)
80003968:	00068593          	mv	a1,a3
8000396c:	00674683          	lbu	a3,6(a4)
80003970:	00068613          	mv	a2,a3
80003974:	00774683          	lbu	a3,7(a4)
80003978:	00874703          	lbu	a4,8(a4)
8000397c:	01c78023          	sb	t3,0(a5)
80003980:	006780a3          	sb	t1,1(a5)
80003984:	01178123          	sb	a7,2(a5)
80003988:	010781a3          	sb	a6,3(a5)
8000398c:	00a78223          	sb	a0,4(a5)
80003990:	00b782a3          	sb	a1,5(a5)
80003994:	00c78323          	sb	a2,6(a5)
80003998:	00d783a3          	sb	a3,7(a5)
8000399c:	00e78423          	sb	a4,8(a5)
800039a0:	df040793          	addi	a5,s0,-528
800039a4:	00078513          	mv	a0,a5
800039a8:	155000ef          	jal	800042fc <strlen>
800039ac:	00050713          	mv	a4,a0
800039b0:	df040793          	addi	a5,s0,-528
800039b4:	00070593          	mv	a1,a4
800039b8:	00078513          	mv	a0,a5
800039bc:	2b8000ef          	jal	80003c74 <term_write>
800039c0:	0000006f          	j	800039c0 <FATAL+0x134>

800039c4 <SUCCESS>:
SUCCESS():
800039c4:	db010113          	addi	sp,sp,-592
800039c8:	22112623          	sw	ra,556(sp)
800039cc:	22812423          	sw	s0,552(sp)
800039d0:	23010413          	addi	s0,sp,560
800039d4:	dca42e23          	sw	a0,-548(s0)
800039d8:	00b42223          	sw	a1,4(s0)
800039dc:	00c42423          	sw	a2,8(s0)
800039e0:	00d42623          	sw	a3,12(s0)
800039e4:	00e42823          	sw	a4,16(s0)
800039e8:	00f42a23          	sw	a5,20(s0)
800039ec:	01042c23          	sw	a6,24(s0)
800039f0:	01142e23          	sw	a7,28(s0)
800039f4:	df040793          	addi	a5,s0,-528
800039f8:	80008737          	lui	a4,0x80008
800039fc:	51070713          	addi	a4,a4,1296 # 80008510 <__modsi3+0x4060>
80003a00:	00072503          	lw	a0,0(a4)
80003a04:	00472583          	lw	a1,4(a4)
80003a08:	00872603          	lw	a2,8(a4)
80003a0c:	00c72683          	lw	a3,12(a4)
80003a10:	00a7a023          	sw	a0,0(a5)
80003a14:	00b7a223          	sw	a1,4(a5)
80003a18:	00c7a423          	sw	a2,8(a5)
80003a1c:	00d7a623          	sw	a3,12(a5)
80003a20:	01075703          	lhu	a4,16(a4)
80003a24:	00e79823          	sh	a4,16(a5)
80003a28:	02040793          	addi	a5,s0,32
80003a2c:	dcf42c23          	sw	a5,-552(s0)
80003a30:	dd842783          	lw	a5,-552(s0)
80003a34:	fe478793          	addi	a5,a5,-28
80003a38:	def42623          	sw	a5,-532(s0)
80003a3c:	df040793          	addi	a5,s0,-528
80003a40:	01178793          	addi	a5,a5,17
80003a44:	dec42703          	lw	a4,-532(s0)
80003a48:	00070613          	mv	a2,a4
80003a4c:	ddc42583          	lw	a1,-548(s0)
80003a50:	00078513          	mv	a0,a5
80003a54:	b71ff0ef          	jal	800035c4 <format_to_str>
80003a58:	df040793          	addi	a5,s0,-528
80003a5c:	00078513          	mv	a0,a5
80003a60:	09d000ef          	jal	800042fc <strlen>
80003a64:	00050793          	mv	a5,a0
80003a68:	00078713          	mv	a4,a5
80003a6c:	df040793          	addi	a5,s0,-528
80003a70:	00e787b3          	add	a5,a5,a4
80003a74:	80008737          	lui	a4,0x80008
80003a78:	50470713          	addi	a4,a4,1284 # 80008504 <__modsi3+0x4054>
80003a7c:	00074683          	lbu	a3,0(a4)
80003a80:	00068e13          	mv	t3,a3
80003a84:	00174683          	lbu	a3,1(a4)
80003a88:	00068313          	mv	t1,a3
80003a8c:	00274683          	lbu	a3,2(a4)
80003a90:	00068893          	mv	a7,a3
80003a94:	00374683          	lbu	a3,3(a4)
80003a98:	00068813          	mv	a6,a3
80003a9c:	00474683          	lbu	a3,4(a4)
80003aa0:	00068513          	mv	a0,a3
80003aa4:	00574683          	lbu	a3,5(a4)
80003aa8:	00068593          	mv	a1,a3
80003aac:	00674683          	lbu	a3,6(a4)
80003ab0:	00068613          	mv	a2,a3
80003ab4:	00774683          	lbu	a3,7(a4)
80003ab8:	00874703          	lbu	a4,8(a4)
80003abc:	01c78023          	sb	t3,0(a5)
80003ac0:	006780a3          	sb	t1,1(a5)
80003ac4:	01178123          	sb	a7,2(a5)
80003ac8:	010781a3          	sb	a6,3(a5)
80003acc:	00a78223          	sb	a0,4(a5)
80003ad0:	00b782a3          	sb	a1,5(a5)
80003ad4:	00c78323          	sb	a2,6(a5)
80003ad8:	00d783a3          	sb	a3,7(a5)
80003adc:	00e78423          	sb	a4,8(a5)
80003ae0:	df040793          	addi	a5,s0,-528
80003ae4:	00078513          	mv	a0,a5
80003ae8:	015000ef          	jal	800042fc <strlen>
80003aec:	00050713          	mv	a4,a0
80003af0:	df040793          	addi	a5,s0,-528
80003af4:	00070593          	mv	a1,a4
80003af8:	00078513          	mv	a0,a5
80003afc:	178000ef          	jal	80003c74 <term_write>
80003b00:	00000013          	nop
80003b04:	00078513          	mv	a0,a5
80003b08:	22c12083          	lw	ra,556(sp)
80003b0c:	22812403          	lw	s0,552(sp)
80003b10:	25010113          	addi	sp,sp,592
80003b14:	00008067          	ret

80003b18 <CRITICAL>:
CRITICAL():
80003b18:	db010113          	addi	sp,sp,-592
80003b1c:	22112623          	sw	ra,556(sp)
80003b20:	22812423          	sw	s0,552(sp)
80003b24:	23010413          	addi	s0,sp,560
80003b28:	dca42e23          	sw	a0,-548(s0)
80003b2c:	00b42223          	sw	a1,4(s0)
80003b30:	00c42423          	sw	a2,8(s0)
80003b34:	00d42623          	sw	a3,12(s0)
80003b38:	00e42823          	sw	a4,16(s0)
80003b3c:	00f42a23          	sw	a5,20(s0)
80003b40:	01042c23          	sw	a6,24(s0)
80003b44:	01142e23          	sw	a7,28(s0)
80003b48:	df040793          	addi	a5,s0,-528
80003b4c:	80008737          	lui	a4,0x80008
80003b50:	52470713          	addi	a4,a4,1316 # 80008524 <__modsi3+0x4074>
80003b54:	00072503          	lw	a0,0(a4)
80003b58:	00472583          	lw	a1,4(a4)
80003b5c:	00872603          	lw	a2,8(a4)
80003b60:	00c72683          	lw	a3,12(a4)
80003b64:	00a7a023          	sw	a0,0(a5)
80003b68:	00b7a223          	sw	a1,4(a5)
80003b6c:	00c7a423          	sw	a2,8(a5)
80003b70:	00d7a623          	sw	a3,12(a5)
80003b74:	01075683          	lhu	a3,16(a4)
80003b78:	00d79823          	sh	a3,16(a5)
80003b7c:	01274703          	lbu	a4,18(a4)
80003b80:	00e78923          	sb	a4,18(a5)
80003b84:	02040793          	addi	a5,s0,32
80003b88:	dcf42c23          	sw	a5,-552(s0)
80003b8c:	dd842783          	lw	a5,-552(s0)
80003b90:	fe478793          	addi	a5,a5,-28
80003b94:	def42623          	sw	a5,-532(s0)
80003b98:	df040793          	addi	a5,s0,-528
80003b9c:	01278793          	addi	a5,a5,18
80003ba0:	dec42703          	lw	a4,-532(s0)
80003ba4:	00070613          	mv	a2,a4
80003ba8:	ddc42583          	lw	a1,-548(s0)
80003bac:	00078513          	mv	a0,a5
80003bb0:	a15ff0ef          	jal	800035c4 <format_to_str>
80003bb4:	df040793          	addi	a5,s0,-528
80003bb8:	00078513          	mv	a0,a5
80003bbc:	740000ef          	jal	800042fc <strlen>
80003bc0:	00050793          	mv	a5,a0
80003bc4:	00078713          	mv	a4,a5
80003bc8:	df040793          	addi	a5,s0,-528
80003bcc:	00e787b3          	add	a5,a5,a4
80003bd0:	80008737          	lui	a4,0x80008
80003bd4:	50470713          	addi	a4,a4,1284 # 80008504 <__modsi3+0x4054>
80003bd8:	00074683          	lbu	a3,0(a4)
80003bdc:	00068e13          	mv	t3,a3
80003be0:	00174683          	lbu	a3,1(a4)
80003be4:	00068313          	mv	t1,a3
80003be8:	00274683          	lbu	a3,2(a4)
80003bec:	00068893          	mv	a7,a3
80003bf0:	00374683          	lbu	a3,3(a4)
80003bf4:	00068813          	mv	a6,a3
80003bf8:	00474683          	lbu	a3,4(a4)
80003bfc:	00068513          	mv	a0,a3
80003c00:	00574683          	lbu	a3,5(a4)
80003c04:	00068593          	mv	a1,a3
80003c08:	00674683          	lbu	a3,6(a4)
80003c0c:	00068613          	mv	a2,a3
80003c10:	00774683          	lbu	a3,7(a4)
80003c14:	00874703          	lbu	a4,8(a4)
80003c18:	01c78023          	sb	t3,0(a5)
80003c1c:	006780a3          	sb	t1,1(a5)
80003c20:	01178123          	sb	a7,2(a5)
80003c24:	010781a3          	sb	a6,3(a5)
80003c28:	00a78223          	sb	a0,4(a5)
80003c2c:	00b782a3          	sb	a1,5(a5)
80003c30:	00c78323          	sb	a2,6(a5)
80003c34:	00d783a3          	sb	a3,7(a5)
80003c38:	00e78423          	sb	a4,8(a5)
80003c3c:	df040793          	addi	a5,s0,-528
80003c40:	00078513          	mv	a0,a5
80003c44:	6b8000ef          	jal	800042fc <strlen>
80003c48:	00050713          	mv	a4,a0
80003c4c:	df040793          	addi	a5,s0,-528
80003c50:	00070593          	mv	a1,a4
80003c54:	00078513          	mv	a0,a5
80003c58:	01c000ef          	jal	80003c74 <term_write>
80003c5c:	00000013          	nop
80003c60:	00078513          	mv	a0,a5
80003c64:	22c12083          	lw	ra,556(sp)
80003c68:	22812403          	lw	s0,552(sp)
80003c6c:	25010113          	addi	sp,sp,592
80003c70:	00008067          	ret

80003c74 <term_write>:
term_write():
80003c74:	fd010113          	addi	sp,sp,-48
80003c78:	02112623          	sw	ra,44(sp)
80003c7c:	02812423          	sw	s0,40(sp)
80003c80:	03010413          	addi	s0,sp,48
80003c84:	fca42e23          	sw	a0,-36(s0)
80003c88:	fcb42c23          	sw	a1,-40(s0)
80003c8c:	fe042623          	sw	zero,-20(s0)
80003c90:	0340006f          	j	80003cc4 <term_write+0x50>
80003c94:	800087b7          	lui	a5,0x80008
80003c98:	5647a783          	lw	a5,1380(a5) # 80008564 <earth>
80003c9c:	0207a783          	lw	a5,32(a5)
80003ca0:	fdc42683          	lw	a3,-36(s0)
80003ca4:	fec42703          	lw	a4,-20(s0)
80003ca8:	00e68733          	add	a4,a3,a4
80003cac:	00074703          	lbu	a4,0(a4)
80003cb0:	00070513          	mv	a0,a4
80003cb4:	000780e7          	jalr	a5
80003cb8:	fec42783          	lw	a5,-20(s0)
80003cbc:	00178793          	addi	a5,a5,1
80003cc0:	fef42623          	sw	a5,-20(s0)
80003cc4:	fec42703          	lw	a4,-20(s0)
80003cc8:	fd842783          	lw	a5,-40(s0)
80003ccc:	fcf764e3          	bltu	a4,a5,80003c94 <term_write+0x20>
80003cd0:	00000013          	nop
80003cd4:	00000013          	nop
80003cd8:	02c12083          	lw	ra,44(sp)
80003cdc:	02812403          	lw	s0,40(sp)
80003ce0:	03010113          	addi	sp,sp,48
80003ce4:	00008067          	ret

80003ce8 <sys_send>:
sys_send():
80003ce8:	fe010113          	addi	sp,sp,-32
80003cec:	00112e23          	sw	ra,28(sp)
80003cf0:	00812c23          	sw	s0,24(sp)
80003cf4:	02010413          	addi	s0,sp,32
80003cf8:	fea42623          	sw	a0,-20(s0)
80003cfc:	feb42423          	sw	a1,-24(s0)
80003d00:	fec42223          	sw	a2,-28(s0)
80003d04:	800087b7          	lui	a5,0x80008
80003d08:	56c7a783          	lw	a5,1388(a5) # 8000856c <sc>
80003d0c:	00200713          	li	a4,2
80003d10:	00e7a023          	sw	a4,0(a5)
80003d14:	800087b7          	lui	a5,0x80008
80003d18:	56c7a783          	lw	a5,1388(a5) # 8000856c <sc>
80003d1c:	fec42703          	lw	a4,-20(s0)
80003d20:	00e7a423          	sw	a4,8(a5)
80003d24:	800087b7          	lui	a5,0x80008
80003d28:	56c7a783          	lw	a5,1388(a5) # 8000856c <sc>
80003d2c:	00c78793          	addi	a5,a5,12
80003d30:	fe442603          	lw	a2,-28(s0)
80003d34:	fe842583          	lw	a1,-24(s0)
80003d38:	00078513          	mv	a0,a5
80003d3c:	498000ef          	jal	800041d4 <memcpy>
80003d40:	00000073          	ecall
80003d44:	00000013          	nop
80003d48:	01c12083          	lw	ra,28(sp)
80003d4c:	01812403          	lw	s0,24(sp)
80003d50:	02010113          	addi	sp,sp,32
80003d54:	00008067          	ret

80003d58 <sys_recv>:
sys_recv():
80003d58:	fe010113          	addi	sp,sp,-32
80003d5c:	00112e23          	sw	ra,28(sp)
80003d60:	00812c23          	sw	s0,24(sp)
80003d64:	02010413          	addi	s0,sp,32
80003d68:	fea42623          	sw	a0,-20(s0)
80003d6c:	feb42423          	sw	a1,-24(s0)
80003d70:	fec42223          	sw	a2,-28(s0)
80003d74:	fed42023          	sw	a3,-32(s0)
80003d78:	800087b7          	lui	a5,0x80008
80003d7c:	56c7a783          	lw	a5,1388(a5) # 8000856c <sc>
80003d80:	00100713          	li	a4,1
80003d84:	00e7a023          	sw	a4,0(a5)
80003d88:	800087b7          	lui	a5,0x80008
80003d8c:	56c7a783          	lw	a5,1388(a5) # 8000856c <sc>
80003d90:	fec42703          	lw	a4,-20(s0)
80003d94:	00e7a223          	sw	a4,4(a5)
80003d98:	00000073          	ecall
80003d9c:	800087b7          	lui	a5,0x80008
80003da0:	56c7a783          	lw	a5,1388(a5) # 8000856c <sc>
80003da4:	00c78793          	addi	a5,a5,12
80003da8:	fe042603          	lw	a2,-32(s0)
80003dac:	00078593          	mv	a1,a5
80003db0:	fe442503          	lw	a0,-28(s0)
80003db4:	420000ef          	jal	800041d4 <memcpy>
80003db8:	fe842783          	lw	a5,-24(s0)
80003dbc:	00078c63          	beqz	a5,80003dd4 <sys_recv+0x7c>
80003dc0:	800087b7          	lui	a5,0x80008
80003dc4:	56c7a783          	lw	a5,1388(a5) # 8000856c <sc>
80003dc8:	0047a703          	lw	a4,4(a5)
80003dcc:	fe842783          	lw	a5,-24(s0)
80003dd0:	00e7a023          	sw	a4,0(a5)
80003dd4:	00000013          	nop
80003dd8:	01c12083          	lw	ra,28(sp)
80003ddc:	01812403          	lw	s0,24(sp)
80003de0:	02010113          	addi	sp,sp,32
80003de4:	00008067          	ret

80003de8 <itoa>:
itoa():
80003de8:	ff010113          	addi	sp,sp,-16
80003dec:	00812423          	sw	s0,8(sp)
80003df0:	00112623          	sw	ra,12(sp)
80003df4:	ffe60713          	addi	a4,a2,-2 # ffe <boot_loader-0x7ffff002>
80003df8:	02200793          	li	a5,34
80003dfc:	00058413          	mv	s0,a1
80003e00:	04e7e063          	bltu	a5,a4,80003e40 <itoa+0x58>
80003e04:	00a00793          	li	a5,10
80003e08:	02f60063          	beq	a2,a5,80003e28 <itoa+0x40>
80003e0c:	00040593          	mv	a1,s0
80003e10:	048000ef          	jal	80003e58 <__utoa>
80003e14:	00c12083          	lw	ra,12(sp)
80003e18:	00040513          	mv	a0,s0
80003e1c:	00812403          	lw	s0,8(sp)
80003e20:	01010113          	addi	sp,sp,16
80003e24:	00008067          	ret
80003e28:	fe0552e3          	bgez	a0,80003e0c <itoa+0x24>
80003e2c:	02d00793          	li	a5,45
80003e30:	00f58023          	sb	a5,0(a1) # 80301000 <__heap_end+0x201000>
80003e34:	40a00533          	neg	a0,a0
80003e38:	00158593          	addi	a1,a1,1
80003e3c:	fd5ff06f          	j	80003e10 <itoa+0x28>
80003e40:	00058023          	sb	zero,0(a1)
80003e44:	00c12083          	lw	ra,12(sp)
80003e48:	00812403          	lw	s0,8(sp)
80003e4c:	00000513          	li	a0,0
80003e50:	01010113          	addi	sp,sp,16
80003e54:	00008067          	ret

80003e58 <__utoa>:
__utoa():
80003e58:	00004797          	auipc	a5,0x4
80003e5c:	6e078793          	addi	a5,a5,1760 # 80008538 <__modsi3+0x4088>
80003e60:	0007a283          	lw	t0,0(a5)
80003e64:	0047af83          	lw	t6,4(a5)
80003e68:	0087af03          	lw	t5,8(a5)
80003e6c:	00c7ae83          	lw	t4,12(a5)
80003e70:	0107ae03          	lw	t3,16(a5)
80003e74:	0147a303          	lw	t1,20(a5)
80003e78:	0187a883          	lw	a7,24(a5)
80003e7c:	01c7a803          	lw	a6,28(a5)
80003e80:	0207a683          	lw	a3,32(a5)
80003e84:	00004797          	auipc	a5,0x4
80003e88:	6d87c783          	lbu	a5,1752(a5) # 8000855c <__modsi3+0x40ac>
80003e8c:	fb010113          	addi	sp,sp,-80
80003e90:	03512a23          	sw	s5,52(sp)
80003e94:	02f10623          	sb	a5,44(sp)
80003e98:	04112623          	sw	ra,76(sp)
80003e9c:	ffe60713          	addi	a4,a2,-2
80003ea0:	00512423          	sw	t0,8(sp)
80003ea4:	01f12623          	sw	t6,12(sp)
80003ea8:	01e12823          	sw	t5,16(sp)
80003eac:	01d12a23          	sw	t4,20(sp)
80003eb0:	01c12c23          	sw	t3,24(sp)
80003eb4:	00612e23          	sw	t1,28(sp)
80003eb8:	03112023          	sw	a7,32(sp)
80003ebc:	03012223          	sw	a6,36(sp)
80003ec0:	02d12423          	sw	a3,40(sp)
80003ec4:	02200793          	li	a5,34
80003ec8:	00058a93          	mv	s5,a1
80003ecc:	0ce7e463          	bltu	a5,a4,80003f94 <__utoa+0x13c>
80003ed0:	04812423          	sw	s0,72(sp)
80003ed4:	04912223          	sw	s1,68(sp)
80003ed8:	05212023          	sw	s2,64(sp)
80003edc:	03312e23          	sw	s3,60(sp)
80003ee0:	03412c23          	sw	s4,56(sp)
80003ee4:	03612823          	sw	s6,48(sp)
80003ee8:	00060493          	mv	s1,a2
80003eec:	00050413          	mv	s0,a0
80003ef0:	00000913          	li	s2,0
80003ef4:	00048593          	mv	a1,s1
80003ef8:	00040513          	mv	a0,s0
80003efc:	580000ef          	jal	8000447c <__umodsi3>
80003f00:	00250533          	add	a0,a0,sp
80003f04:	00854783          	lbu	a5,8(a0)
80003f08:	00090993          	mv	s3,s2
80003f0c:	00190913          	addi	s2,s2,1
80003f10:	012a8a33          	add	s4,s5,s2
80003f14:	00040513          	mv	a0,s0
80003f18:	00048593          	mv	a1,s1
80003f1c:	fefa0fa3          	sb	a5,-1(s4)
80003f20:	00040b13          	mv	s6,s0
80003f24:	510000ef          	jal	80004434 <__hidden___udivsi3>
80003f28:	00050413          	mv	s0,a0
80003f2c:	fc9b74e3          	bgeu	s6,s1,80003ef4 <__utoa+0x9c>
80003f30:	000a0023          	sb	zero,0(s4)
80003f34:	02098a63          	beqz	s3,80003f68 <__utoa+0x110>
80003f38:	000a8693          	mv	a3,s5
80003f3c:	013a8733          	add	a4,s5,s3
80003f40:	00000793          	li	a5,0
80003f44:	00074583          	lbu	a1,0(a4)
80003f48:	0006c603          	lbu	a2,0(a3)
80003f4c:	00178793          	addi	a5,a5,1
80003f50:	00b68023          	sb	a1,0(a3)
80003f54:	00c70023          	sb	a2,0(a4)
80003f58:	40f98633          	sub	a2,s3,a5
80003f5c:	00168693          	addi	a3,a3,1
80003f60:	fff70713          	addi	a4,a4,-1
80003f64:	fec7c0e3          	blt	a5,a2,80003f44 <__utoa+0xec>
80003f68:	04812403          	lw	s0,72(sp)
80003f6c:	04c12083          	lw	ra,76(sp)
80003f70:	04412483          	lw	s1,68(sp)
80003f74:	04012903          	lw	s2,64(sp)
80003f78:	03c12983          	lw	s3,60(sp)
80003f7c:	03812a03          	lw	s4,56(sp)
80003f80:	03012b03          	lw	s6,48(sp)
80003f84:	000a8513          	mv	a0,s5
80003f88:	03412a83          	lw	s5,52(sp)
80003f8c:	05010113          	addi	sp,sp,80
80003f90:	00008067          	ret
80003f94:	00058023          	sb	zero,0(a1)
80003f98:	04c12083          	lw	ra,76(sp)
80003f9c:	03412a83          	lw	s5,52(sp)
80003fa0:	00000513          	li	a0,0
80003fa4:	05010113          	addi	sp,sp,80
80003fa8:	00008067          	ret

80003fac <strcat>:
strcat():
80003fac:	ff010113          	addi	sp,sp,-16
80003fb0:	00812423          	sw	s0,8(sp)
80003fb4:	00112623          	sw	ra,12(sp)
80003fb8:	00357793          	andi	a5,a0,3
80003fbc:	00050413          	mv	s0,a0
80003fc0:	06079663          	bnez	a5,8000402c <strcat+0x80>
80003fc4:	00052703          	lw	a4,0(a0)
80003fc8:	feff0637          	lui	a2,0xfeff0
80003fcc:	eff60613          	addi	a2,a2,-257 # fefefeff <__heap_end+0x7eeefeff>
80003fd0:	00c707b3          	add	a5,a4,a2
80003fd4:	808086b7          	lui	a3,0x80808
80003fd8:	fff74713          	not	a4,a4
80003fdc:	00e7f7b3          	and	a5,a5,a4
80003fe0:	08068693          	addi	a3,a3,128 # 80808080 <__heap_end+0x708080>
80003fe4:	00d7f7b3          	and	a5,a5,a3
80003fe8:	04079263          	bnez	a5,8000402c <strcat+0x80>
80003fec:	00452703          	lw	a4,4(a0)
80003ff0:	00450513          	addi	a0,a0,4
80003ff4:	00c707b3          	add	a5,a4,a2
80003ff8:	fff74713          	not	a4,a4
80003ffc:	00e7f7b3          	and	a5,a5,a4
80004000:	00d7f7b3          	and	a5,a5,a3
80004004:	02079463          	bnez	a5,8000402c <strcat+0x80>
80004008:	00452703          	lw	a4,4(a0)
8000400c:	00450513          	addi	a0,a0,4
80004010:	00c707b3          	add	a5,a4,a2
80004014:	fff74713          	not	a4,a4
80004018:	00e7f7b3          	and	a5,a5,a4
8000401c:	00d7f7b3          	and	a5,a5,a3
80004020:	fc0786e3          	beqz	a5,80003fec <strcat+0x40>
80004024:	0080006f          	j	8000402c <strcat+0x80>
80004028:	00150513          	addi	a0,a0,1
8000402c:	00054783          	lbu	a5,0(a0)
80004030:	fe079ce3          	bnez	a5,80004028 <strcat+0x7c>
80004034:	354000ef          	jal	80004388 <strcpy>
80004038:	00c12083          	lw	ra,12(sp)
8000403c:	00040513          	mv	a0,s0
80004040:	00812403          	lw	s0,8(sp)
80004044:	01010113          	addi	sp,sp,16
80004048:	00008067          	ret

8000404c <strncat>:
strncat():
8000404c:	00357713          	andi	a4,a0,3
80004050:	00050793          	mv	a5,a0
80004054:	06071663          	bnez	a4,800040c0 <strncat+0x74>
80004058:	00052683          	lw	a3,0(a0)
8000405c:	feff08b7          	lui	a7,0xfeff0
80004060:	eff88893          	addi	a7,a7,-257 # fefefeff <__heap_end+0x7eeefeff>
80004064:	01168733          	add	a4,a3,a7
80004068:	80808837          	lui	a6,0x80808
8000406c:	fff6c693          	not	a3,a3
80004070:	00d77733          	and	a4,a4,a3
80004074:	08080813          	addi	a6,a6,128 # 80808080 <__heap_end+0x708080>
80004078:	01077733          	and	a4,a4,a6
8000407c:	04071263          	bnez	a4,800040c0 <strncat+0x74>
80004080:	0047a683          	lw	a3,4(a5)
80004084:	00478793          	addi	a5,a5,4
80004088:	01168733          	add	a4,a3,a7
8000408c:	fff6c693          	not	a3,a3
80004090:	00d77733          	and	a4,a4,a3
80004094:	01077733          	and	a4,a4,a6
80004098:	02071463          	bnez	a4,800040c0 <strncat+0x74>
8000409c:	0047a683          	lw	a3,4(a5)
800040a0:	00478793          	addi	a5,a5,4
800040a4:	01168733          	add	a4,a3,a7
800040a8:	fff6c693          	not	a3,a3
800040ac:	00d77733          	and	a4,a4,a3
800040b0:	01077733          	and	a4,a4,a6
800040b4:	fc0706e3          	beqz	a4,80004080 <strncat+0x34>
800040b8:	0080006f          	j	800040c0 <strncat+0x74>
800040bc:	00178793          	addi	a5,a5,1
800040c0:	0007c703          	lbu	a4,0(a5)
800040c4:	fe071ce3          	bnez	a4,800040bc <strncat+0x70>
800040c8:	00c786b3          	add	a3,a5,a2
800040cc:	02060463          	beqz	a2,800040f4 <strncat+0xa8>
800040d0:	0005c703          	lbu	a4,0(a1)
800040d4:	00178793          	addi	a5,a5,1
800040d8:	00158593          	addi	a1,a1,1
800040dc:	fee78fa3          	sb	a4,-1(a5)
800040e0:	00070863          	beqz	a4,800040f0 <strncat+0xa4>
800040e4:	fef696e3          	bne	a3,a5,800040d0 <strncat+0x84>
800040e8:	00068023          	sb	zero,0(a3)
800040ec:	00008067          	ret
800040f0:	00008067          	ret
800040f4:	00008067          	ret

800040f8 <memset>:
memset():
800040f8:	00f00313          	li	t1,15
800040fc:	00050713          	mv	a4,a0
80004100:	02c37e63          	bgeu	t1,a2,8000413c <memset+0x44>
80004104:	00f77793          	andi	a5,a4,15
80004108:	0a079063          	bnez	a5,800041a8 <memset+0xb0>
8000410c:	08059263          	bnez	a1,80004190 <memset+0x98>
80004110:	ff067693          	andi	a3,a2,-16
80004114:	00f67613          	andi	a2,a2,15
80004118:	00e686b3          	add	a3,a3,a4
8000411c:	00b72023          	sw	a1,0(a4)
80004120:	00b72223          	sw	a1,4(a4)
80004124:	00b72423          	sw	a1,8(a4)
80004128:	00b72623          	sw	a1,12(a4)
8000412c:	01070713          	addi	a4,a4,16
80004130:	fed766e3          	bltu	a4,a3,8000411c <memset+0x24>
80004134:	00061463          	bnez	a2,8000413c <memset+0x44>
80004138:	00008067          	ret
8000413c:	40c306b3          	sub	a3,t1,a2
80004140:	00269693          	slli	a3,a3,0x2
80004144:	00000297          	auipc	t0,0x0
80004148:	005686b3          	add	a3,a3,t0
8000414c:	00c68067          	jr	12(a3)
80004150:	00b70723          	sb	a1,14(a4)
80004154:	00b706a3          	sb	a1,13(a4)
80004158:	00b70623          	sb	a1,12(a4)
8000415c:	00b705a3          	sb	a1,11(a4)
80004160:	00b70523          	sb	a1,10(a4)
80004164:	00b704a3          	sb	a1,9(a4)
80004168:	00b70423          	sb	a1,8(a4)
8000416c:	00b703a3          	sb	a1,7(a4)
80004170:	00b70323          	sb	a1,6(a4)
80004174:	00b702a3          	sb	a1,5(a4)
80004178:	00b70223          	sb	a1,4(a4)
8000417c:	00b701a3          	sb	a1,3(a4)
80004180:	00b70123          	sb	a1,2(a4)
80004184:	00b700a3          	sb	a1,1(a4)
80004188:	00b70023          	sb	a1,0(a4)
8000418c:	00008067          	ret
80004190:	0ff5f593          	zext.b	a1,a1
80004194:	00859693          	slli	a3,a1,0x8
80004198:	00d5e5b3          	or	a1,a1,a3
8000419c:	01059693          	slli	a3,a1,0x10
800041a0:	00d5e5b3          	or	a1,a1,a3
800041a4:	f6dff06f          	j	80004110 <memset+0x18>
800041a8:	00279693          	slli	a3,a5,0x2
800041ac:	00000297          	auipc	t0,0x0
800041b0:	005686b3          	add	a3,a3,t0
800041b4:	00008293          	mv	t0,ra
800041b8:	fa0680e7          	jalr	-96(a3)
800041bc:	00028093          	mv	ra,t0
800041c0:	ff078793          	addi	a5,a5,-16
800041c4:	40f70733          	sub	a4,a4,a5
800041c8:	00f60633          	add	a2,a2,a5
800041cc:	f6c378e3          	bgeu	t1,a2,8000413c <memset+0x44>
800041d0:	f3dff06f          	j	8000410c <memset+0x14>

800041d4 <memcpy>:
memcpy():
800041d4:	00a5c7b3          	xor	a5,a1,a0
800041d8:	0037f793          	andi	a5,a5,3
800041dc:	00c508b3          	add	a7,a0,a2
800041e0:	06079663          	bnez	a5,8000424c <memcpy+0x78>
800041e4:	00300793          	li	a5,3
800041e8:	06c7f263          	bgeu	a5,a2,8000424c <memcpy+0x78>
800041ec:	00357793          	andi	a5,a0,3
800041f0:	00050713          	mv	a4,a0
800041f4:	0c079a63          	bnez	a5,800042c8 <memcpy+0xf4>
800041f8:	ffc8f613          	andi	a2,a7,-4
800041fc:	40e606b3          	sub	a3,a2,a4
80004200:	02000793          	li	a5,32
80004204:	06d7c463          	blt	a5,a3,8000426c <memcpy+0x98>
80004208:	00058693          	mv	a3,a1
8000420c:	00070793          	mv	a5,a4
80004210:	02c77a63          	bgeu	a4,a2,80004244 <memcpy+0x70>
80004214:	0006a803          	lw	a6,0(a3)
80004218:	00478793          	addi	a5,a5,4
8000421c:	00468693          	addi	a3,a3,4
80004220:	ff07ae23          	sw	a6,-4(a5)
80004224:	fec7e8e3          	bltu	a5,a2,80004214 <memcpy+0x40>
80004228:	fff60613          	addi	a2,a2,-1
8000422c:	40e60633          	sub	a2,a2,a4
80004230:	ffc67613          	andi	a2,a2,-4
80004234:	00458593          	addi	a1,a1,4
80004238:	00470713          	addi	a4,a4,4
8000423c:	00c585b3          	add	a1,a1,a2
80004240:	00c70733          	add	a4,a4,a2
80004244:	01176863          	bltu	a4,a7,80004254 <memcpy+0x80>
80004248:	00008067          	ret
8000424c:	00050713          	mv	a4,a0
80004250:	ff157ce3          	bgeu	a0,a7,80004248 <memcpy+0x74>
80004254:	0005c783          	lbu	a5,0(a1)
80004258:	00170713          	addi	a4,a4,1
8000425c:	00158593          	addi	a1,a1,1
80004260:	fef70fa3          	sb	a5,-1(a4)
80004264:	fee898e3          	bne	a7,a4,80004254 <memcpy+0x80>
80004268:	00008067          	ret
8000426c:	0205a683          	lw	a3,32(a1)
80004270:	0005a383          	lw	t2,0(a1)
80004274:	0045a283          	lw	t0,4(a1)
80004278:	0085af83          	lw	t6,8(a1)
8000427c:	00c5af03          	lw	t5,12(a1)
80004280:	0105ae83          	lw	t4,16(a1)
80004284:	0145ae03          	lw	t3,20(a1)
80004288:	0185a303          	lw	t1,24(a1)
8000428c:	01c5a803          	lw	a6,28(a1)
80004290:	02470713          	addi	a4,a4,36
80004294:	fed72e23          	sw	a3,-4(a4)
80004298:	fc772e23          	sw	t2,-36(a4)
8000429c:	40e606b3          	sub	a3,a2,a4
800042a0:	fe572023          	sw	t0,-32(a4)
800042a4:	fff72223          	sw	t6,-28(a4)
800042a8:	ffe72423          	sw	t5,-24(a4)
800042ac:	ffd72623          	sw	t4,-20(a4)
800042b0:	ffc72823          	sw	t3,-16(a4)
800042b4:	fe672a23          	sw	t1,-12(a4)
800042b8:	ff072c23          	sw	a6,-8(a4)
800042bc:	02458593          	addi	a1,a1,36
800042c0:	fad7c6e3          	blt	a5,a3,8000426c <memcpy+0x98>
800042c4:	f45ff06f          	j	80004208 <memcpy+0x34>
800042c8:	0005c683          	lbu	a3,0(a1)
800042cc:	00170713          	addi	a4,a4,1
800042d0:	00377793          	andi	a5,a4,3
800042d4:	fed70fa3          	sb	a3,-1(a4)
800042d8:	00158593          	addi	a1,a1,1
800042dc:	f0078ee3          	beqz	a5,800041f8 <memcpy+0x24>
800042e0:	0005c683          	lbu	a3,0(a1)
800042e4:	00170713          	addi	a4,a4,1
800042e8:	00377793          	andi	a5,a4,3
800042ec:	fed70fa3          	sb	a3,-1(a4)
800042f0:	00158593          	addi	a1,a1,1
800042f4:	fc079ae3          	bnez	a5,800042c8 <memcpy+0xf4>
800042f8:	f01ff06f          	j	800041f8 <memcpy+0x24>

800042fc <strlen>:
strlen():
800042fc:	00357793          	andi	a5,a0,3
80004300:	00050713          	mv	a4,a0
80004304:	04079c63          	bnez	a5,8000435c <strlen+0x60>
80004308:	7f7f86b7          	lui	a3,0x7f7f8
8000430c:	f7f68693          	addi	a3,a3,-129 # 7f7f7f7f <boot_loader-0x808081>
80004310:	fff00593          	li	a1,-1
80004314:	00072603          	lw	a2,0(a4)
80004318:	00470713          	addi	a4,a4,4
8000431c:	00d677b3          	and	a5,a2,a3
80004320:	00d787b3          	add	a5,a5,a3
80004324:	00c7e7b3          	or	a5,a5,a2
80004328:	00d7e7b3          	or	a5,a5,a3
8000432c:	feb784e3          	beq	a5,a1,80004314 <strlen+0x18>
80004330:	ffc74683          	lbu	a3,-4(a4)
80004334:	40a707b3          	sub	a5,a4,a0
80004338:	04068463          	beqz	a3,80004380 <strlen+0x84>
8000433c:	ffd74683          	lbu	a3,-3(a4)
80004340:	02068c63          	beqz	a3,80004378 <strlen+0x7c>
80004344:	ffe74503          	lbu	a0,-2(a4)
80004348:	00a03533          	snez	a0,a0
8000434c:	00f50533          	add	a0,a0,a5
80004350:	ffe50513          	addi	a0,a0,-2
80004354:	00008067          	ret
80004358:	fa0688e3          	beqz	a3,80004308 <strlen+0xc>
8000435c:	00074783          	lbu	a5,0(a4)
80004360:	00170713          	addi	a4,a4,1
80004364:	00377693          	andi	a3,a4,3
80004368:	fe0798e3          	bnez	a5,80004358 <strlen+0x5c>
8000436c:	40a70733          	sub	a4,a4,a0
80004370:	fff70513          	addi	a0,a4,-1
80004374:	00008067          	ret
80004378:	ffd78513          	addi	a0,a5,-3
8000437c:	00008067          	ret
80004380:	ffc78513          	addi	a0,a5,-4
80004384:	00008067          	ret

80004388 <strcpy>:
strcpy():
80004388:	00b567b3          	or	a5,a0,a1
8000438c:	0037f793          	andi	a5,a5,3
80004390:	08079063          	bnez	a5,80004410 <strcpy+0x88>
80004394:	0005a703          	lw	a4,0(a1)
80004398:	7f7f86b7          	lui	a3,0x7f7f8
8000439c:	f7f68693          	addi	a3,a3,-129 # 7f7f7f7f <boot_loader-0x808081>
800043a0:	00d77833          	and	a6,a4,a3
800043a4:	00d80833          	add	a6,a6,a3
800043a8:	00e86833          	or	a6,a6,a4
800043ac:	00d86833          	or	a6,a6,a3
800043b0:	fff00793          	li	a5,-1
800043b4:	00050613          	mv	a2,a0
800043b8:	02f81463          	bne	a6,a5,800043e0 <strcpy+0x58>
800043bc:	00458593          	addi	a1,a1,4
800043c0:	00e62023          	sw	a4,0(a2)
800043c4:	0005a703          	lw	a4,0(a1)
800043c8:	00460613          	addi	a2,a2,4
800043cc:	00d777b3          	and	a5,a4,a3
800043d0:	00d787b3          	add	a5,a5,a3
800043d4:	00e7e7b3          	or	a5,a5,a4
800043d8:	00d7e7b3          	or	a5,a5,a3
800043dc:	ff0780e3          	beq	a5,a6,800043bc <strcpy+0x34>
800043e0:	0005c783          	lbu	a5,0(a1)
800043e4:	0015c703          	lbu	a4,1(a1)
800043e8:	0025c683          	lbu	a3,2(a1)
800043ec:	00f60023          	sb	a5,0(a2)
800043f0:	00078a63          	beqz	a5,80004404 <strcpy+0x7c>
800043f4:	00e600a3          	sb	a4,1(a2)
800043f8:	00070663          	beqz	a4,80004404 <strcpy+0x7c>
800043fc:	00d60123          	sb	a3,2(a2)
80004400:	00069463          	bnez	a3,80004408 <strcpy+0x80>
80004404:	00008067          	ret
80004408:	000601a3          	sb	zero,3(a2)
8000440c:	00008067          	ret
80004410:	00050793          	mv	a5,a0
80004414:	0005c703          	lbu	a4,0(a1)
80004418:	00178793          	addi	a5,a5,1
8000441c:	00158593          	addi	a1,a1,1
80004420:	fee78fa3          	sb	a4,-1(a5)
80004424:	fe0718e3          	bnez	a4,80004414 <strcpy+0x8c>
80004428:	00008067          	ret

8000442c <__divsi3>:
__divsi3():
8000442c:	06054063          	bltz	a0,8000448c <__umodsi3+0x10>
80004430:	0605c663          	bltz	a1,8000449c <__umodsi3+0x20>

80004434 <__hidden___udivsi3>:
80004434:	00058613          	mv	a2,a1
80004438:	00050593          	mv	a1,a0
8000443c:	fff00513          	li	a0,-1
80004440:	02060c63          	beqz	a2,80004478 <__hidden___udivsi3+0x44>
80004444:	00100693          	li	a3,1
80004448:	00b67a63          	bgeu	a2,a1,8000445c <__hidden___udivsi3+0x28>
8000444c:	00c05863          	blez	a2,8000445c <__hidden___udivsi3+0x28>
80004450:	00161613          	slli	a2,a2,0x1
80004454:	00169693          	slli	a3,a3,0x1
80004458:	feb66ae3          	bltu	a2,a1,8000444c <__hidden___udivsi3+0x18>
8000445c:	00000513          	li	a0,0
80004460:	00c5e663          	bltu	a1,a2,8000446c <__hidden___udivsi3+0x38>
80004464:	40c585b3          	sub	a1,a1,a2
80004468:	00d56533          	or	a0,a0,a3
8000446c:	0016d693          	srli	a3,a3,0x1
80004470:	00165613          	srli	a2,a2,0x1
80004474:	fe0696e3          	bnez	a3,80004460 <__hidden___udivsi3+0x2c>
80004478:	00008067          	ret

8000447c <__umodsi3>:
8000447c:	00008293          	mv	t0,ra
80004480:	fb5ff0ef          	jal	80004434 <__hidden___udivsi3>
80004484:	00058513          	mv	a0,a1
80004488:	00028067          	jr	t0 # 800041ac <memset+0xb4>
8000448c:	40a00533          	neg	a0,a0
80004490:	00b04863          	bgtz	a1,800044a0 <__umodsi3+0x24>
80004494:	40b005b3          	neg	a1,a1
80004498:	f9dff06f          	j	80004434 <__hidden___udivsi3>
8000449c:	40b005b3          	neg	a1,a1
800044a0:	00008293          	mv	t0,ra
800044a4:	f91ff0ef          	jal	80004434 <__hidden___udivsi3>
800044a8:	40a00533          	neg	a0,a0
800044ac:	00028067          	jr	t0

800044b0 <__modsi3>:
__modsi3():
800044b0:	00008293          	mv	t0,ra
800044b4:	0005ca63          	bltz	a1,800044c8 <__modsi3+0x18>
800044b8:	00054c63          	bltz	a0,800044d0 <__modsi3+0x20>
800044bc:	f79ff0ef          	jal	80004434 <__hidden___udivsi3>
800044c0:	00058513          	mv	a0,a1
800044c4:	00028067          	jr	t0
800044c8:	40b005b3          	neg	a1,a1
800044cc:	fe0558e3          	bgez	a0,800044bc <__modsi3+0xc>
800044d0:	40a00533          	neg	a0,a0
800044d4:	f61ff0ef          	jal	80004434 <__hidden___udivsi3>
800044d8:	40b00533          	neg	a0,a1
800044dc:	00028067          	jr	t0
